2026-01-11T13:30:50.727+05:30  INFO 15764 --- [task-management-system] [restartedMain] c.p.task_manager.TaskManagerApplication  : Starting TaskManagerApplication using Java 18.0.1 with PID 15764 (D:\My projects\Task manager\Java\target\classes started by adith in D:\My projects\Task manager\Java)
2026-01-11T13:30:50.743+05:30  INFO 15764 --- [task-management-system] [restartedMain] c.p.task_manager.TaskManagerApplication  : No active profile set, falling back to 1 default profile: "default"
2026-01-11T13:30:50.849+05:30  INFO 15764 --- [task-management-system] [restartedMain] .e.DevToolsPropertyDefaultsPostProcessor : Devtools property defaults active! Set 'spring.devtools.add-properties' to 'false' to disable
2026-01-11T13:30:50.853+05:30  INFO 15764 --- [task-management-system] [restartedMain] .e.DevToolsPropertyDefaultsPostProcessor : For additional web related logging consider setting the 'logging.level.web' property to 'DEBUG'
2026-01-11T13:30:52.886+05:30  INFO 15764 --- [task-management-system] [restartedMain] .s.d.r.c.RepositoryConfigurationDelegate : Bootstrapping Spring Data JPA repositories in DEFAULT mode.
2026-01-11T13:30:53.066+05:30  INFO 15764 --- [task-management-system] [restartedMain] .s.d.r.c.RepositoryConfigurationDelegate : Finished Spring Data repository scanning in 160 ms. Found 9 JPA repository interfaces.
2026-01-11T13:30:54.807+05:30  INFO 15764 --- [task-management-system] [restartedMain] o.s.b.w.embedded.tomcat.TomcatWebServer  : Tomcat initialized with port 8080 (http)
2026-01-11T13:30:54.866+05:30  INFO 15764 --- [task-management-system] [restartedMain] o.apache.catalina.core.StandardService   : Starting service [Tomcat]
2026-01-11T13:30:54.868+05:30  INFO 15764 --- [task-management-system] [restartedMain] o.apache.catalina.core.StandardEngine    : Starting Servlet engine: [Apache Tomcat/10.1.25]
2026-01-11T13:30:55.205+05:30  INFO 15764 --- [task-management-system] [restartedMain] o.a.c.c.C.[Tomcat].[localhost].[/api]    : Initializing Spring embedded WebApplicationContext
2026-01-11T13:30:55.206+05:30  INFO 15764 --- [task-management-system] [restartedMain] w.s.c.ServletWebServerApplicationContext : Root WebApplicationContext: initialization completed in 4352 ms
2026-01-11T13:30:56.073+05:30  INFO 15764 --- [task-management-system] [restartedMain] o.hibernate.jpa.internal.util.LogHelper  : HHH000204: Processing PersistenceUnitInfo [name: default]
2026-01-11T13:30:56.244+05:30  INFO 15764 --- [task-management-system] [restartedMain] org.hibernate.Version                    : HHH000412: Hibernate ORM core version 6.5.2.Final
2026-01-11T13:30:56.309+05:30  INFO 15764 --- [task-management-system] [restartedMain] o.h.c.internal.RegionFactoryInitiator    : HHH000026: Second-level cache disabled
2026-01-11T13:30:56.844+05:30  INFO 15764 --- [task-management-system] [restartedMain] o.s.o.j.p.SpringPersistenceUnitInfo      : No LoadTimeWeaver setup: ignoring JPA class transformer
2026-01-11T13:30:56.886+05:30  INFO 15764 --- [task-management-system] [restartedMain] com.zaxxer.hikari.HikariDataSource       : HikariPool-1 - Starting...
2026-01-11T13:30:57.163+05:30  INFO 15764 --- [task-management-system] [restartedMain] com.zaxxer.hikari.pool.HikariPool        : HikariPool-1 - Added connection com.mysql.cj.jdbc.ConnectionImpl@4c3c9d92
2026-01-11T13:30:57.167+05:30  INFO 15764 --- [task-management-system] [restartedMain] com.zaxxer.hikari.HikariDataSource       : HikariPool-1 - Start completed.
2026-01-11T13:30:57.266+05:30  WARN 15764 --- [task-management-system] [restartedMain] org.hibernate.orm.deprecation            : HHH90000025: MySQLDialect does not need to be specified explicitly using 'hibernate.dialect' (remove the property setting and it will be selected by default)
2026-01-11T13:30:59.740+05:30  INFO 15764 --- [task-management-system] [restartedMain] o.h.e.t.j.p.i.JtaPlatformInitiator       : HHH000489: No JTA platform available (set 'hibernate.transaction.jta.platform' to enable JTA platform integration)
2026-01-11T13:30:59.749+05:30  INFO 15764 --- [task-management-system] [restartedMain] j.LocalContainerEntityManagerFactoryBean : Initialized JPA EntityManagerFactory for persistence unit 'default'
2026-01-11T13:31:01.432+05:30  INFO 15764 --- [task-management-system] [restartedMain] o.s.d.j.r.query.QueryEnhancerFactory     : Hibernate is in classpath; If applicable, HQL parser will be used.
2026-01-11T13:31:02.412+05:30  INFO 15764 --- [task-management-system] [restartedMain] eAuthenticationProviderManagerConfigurer : Global AuthenticationManager configured with AuthenticationProvider bean with name authenticationProvider
2026-01-11T13:31:02.413+05:30  WARN 15764 --- [task-management-system] [restartedMain] r$InitializeUserDetailsManagerConfigurer : Global AuthenticationManager configured with an AuthenticationProvider bean. UserDetailsService beans will not be used for username/password login. Consider removing the AuthenticationProvider bean. Alternatively, consider using the UserDetailsService in a manually instantiated DaoAuthenticationProvider.
2026-01-11T13:31:03.261+05:30  WARN 15764 --- [task-management-system] [restartedMain] JpaBaseConfiguration$JpaWebConfiguration : spring.jpa.open-in-view is enabled by default. Therefore, database queries may be performed during view rendering. Explicitly configure spring.jpa.open-in-view to disable this warning
2026-01-11T13:31:03.519+05:30 DEBUG 15764 --- [task-management-system] [restartedMain] s.w.s.m.m.a.RequestMappingHandlerMapping : 51 mappings in 'requestMappingHandlerMapping'
2026-01-11T13:31:03.650+05:30 DEBUG 15764 --- [task-management-system] [restartedMain] o.s.w.s.handler.SimpleUrlHandlerMapping  : Patterns [/webjars/**, /**, /swagger-ui*/*swagger-initializer.js, /swagger-ui*/**] in 'resourceHandlerMapping'
2026-01-11T13:31:03.810+05:30 DEBUG 15764 --- [task-management-system] [restartedMain] s.w.s.m.m.a.RequestMappingHandlerAdapter : ControllerAdvice beans: 0 @ModelAttribute, 0 @InitBinder, 1 RequestBodyAdvice, 1 ResponseBodyAdvice
2026-01-11T13:31:03.864+05:30 DEBUG 15764 --- [task-management-system] [restartedMain] .m.m.a.ExceptionHandlerExceptionResolver : ControllerAdvice beans: 2 @ExceptionHandler, 1 ResponseBodyAdvice
2026-01-11T13:31:04.216+05:30  INFO 15764 --- [task-management-system] [restartedMain] o.s.b.d.a.OptionalLiveReloadServer       : LiveReload server is running on port 35729
2026-01-11T13:31:04.334+05:30  INFO 15764 --- [task-management-system] [restartedMain] o.s.b.w.embedded.tomcat.TomcatWebServer  : Tomcat started on port 8080 (http) with context path '/api'
2026-01-11T13:31:04.345+05:30  INFO 15764 --- [task-management-system] [restartedMain] c.p.task_manager.TaskManagerApplication  : Started TaskManagerApplication in 14.466 seconds (process running for 15.523)
2026-01-11T13:31:48.693+05:30  INFO 15764 --- [task-management-system] [http-nio-8080-exec-1] o.a.c.c.C.[Tomcat].[localhost].[/api]    : Initializing Spring DispatcherServlet 'dispatcherServlet'
2026-01-11T13:31:48.693+05:30  INFO 15764 --- [task-management-system] [http-nio-8080-exec-1] o.s.web.servlet.DispatcherServlet        : Initializing Servlet 'dispatcherServlet'
2026-01-11T13:31:48.693+05:30 DEBUG 15764 --- [task-management-system] [http-nio-8080-exec-1] o.s.web.servlet.DispatcherServlet        : Detected StandardServletMultipartResolver
2026-01-11T13:31:48.693+05:30 DEBUG 15764 --- [task-management-system] [http-nio-8080-exec-1] o.s.web.servlet.DispatcherServlet        : Detected AcceptHeaderLocaleResolver
2026-01-11T13:31:48.693+05:30 DEBUG 15764 --- [task-management-system] [http-nio-8080-exec-1] o.s.web.servlet.DispatcherServlet        : Detected FixedThemeResolver
2026-01-11T13:31:48.694+05:30 DEBUG 15764 --- [task-management-system] [http-nio-8080-exec-1] o.s.web.servlet.DispatcherServlet        : Detected org.springframework.web.servlet.view.DefaultRequestToViewNameTranslator@69cada3c
2026-01-11T13:31:48.694+05:30 DEBUG 15764 --- [task-management-system] [http-nio-8080-exec-1] o.s.web.servlet.DispatcherServlet        : Detected org.springframework.web.servlet.support.SessionFlashMapManager@59144e27
2026-01-11T13:31:48.694+05:30 DEBUG 15764 --- [task-management-system] [http-nio-8080-exec-1] o.s.web.servlet.DispatcherServlet        : enableLoggingRequestDetails='false': request parameters and headers will be masked to prevent unsafe logging of potentially sensitive data
2026-01-11T13:31:48.694+05:30  INFO 15764 --- [task-management-system] [http-nio-8080-exec-1] o.s.web.servlet.DispatcherServlet        : Completed initialization in 1 ms
2026-01-11T13:31:48.807+05:30 ERROR 15764 --- [task-management-system] [http-nio-8080-exec-2] c.p.t.security.JwtAuthenticationFilter   : Could not set user authentication in security context

io.jsonwebtoken.ExpiredJwtException: JWT expired at 2026-01-11T07:27:13Z. Current time: 2026-01-11T08:01:48Z, a difference of 2075807 milliseconds.  Allowed clock skew: 0 milliseconds.
	at io.jsonwebtoken.impl.DefaultJwtParser.parse(DefaultJwtParser.java:427) ~[jjwt-impl-0.11.5.jar:0.11.5]
	at io.jsonwebtoken.impl.DefaultJwtParser.parse(DefaultJwtParser.java:529) ~[jjwt-impl-0.11.5.jar:0.11.5]
	at io.jsonwebtoken.impl.DefaultJwtParser.parseClaimsJws(DefaultJwtParser.java:589) ~[jjwt-impl-0.11.5.jar:0.11.5]
	at io.jsonwebtoken.impl.ImmutableJwtParser.parseClaimsJws(ImmutableJwtParser.java:173) ~[jjwt-impl-0.11.5.jar:0.11.5]
	at com.project.task_manager.security.JwtTokenProvider.extractAllClaims(JwtTokenProvider.java:92) ~[classes/:na]
	at com.project.task_manager.security.JwtTokenProvider.extractClaim(JwtTokenProvider.java:84) ~[classes/:na]
	at com.project.task_manager.security.JwtTokenProvider.extractExpiration(JwtTokenProvider.java:80) ~[classes/:na]
	at com.project.task_manager.security.JwtTokenProvider.isTokenExpired(JwtTokenProvider.java:97) ~[classes/:na]
	at com.project.task_manager.security.JwtAuthenticationFilter.doFilterInternal(JwtAuthenticationFilter.java:31) ~[classes/:na]
	at org.springframework.web.filter.OncePerRequestFilter.doFilter(OncePerRequestFilter.java:116) ~[spring-web-6.1.10.jar:6.1.10]
	at org.springframework.security.web.FilterChainProxy$VirtualFilterChain.doFilter(FilterChainProxy.java:374) ~[spring-security-web-6.3.1.jar:6.3.1]
	at org.springframework.security.web.authentication.logout.LogoutFilter.doFilter(LogoutFilter.java:107) ~[spring-security-web-6.3.1.jar:6.3.1]
	at org.springframework.security.web.authentication.logout.LogoutFilter.doFilter(LogoutFilter.java:93) ~[spring-security-web-6.3.1.jar:6.3.1]
	at org.springframework.security.web.FilterChainProxy$VirtualFilterChain.doFilter(FilterChainProxy.java:374) ~[spring-security-web-6.3.1.jar:6.3.1]
	at org.springframework.web.filter.CorsFilter.doFilterInternal(CorsFilter.java:91) ~[spring-web-6.1.10.jar:6.1.10]
	at org.springframework.web.filter.OncePerRequestFilter.doFilter(OncePerRequestFilter.java:116) ~[spring-web-6.1.10.jar:6.1.10]
	at org.springframework.security.web.FilterChainProxy$VirtualFilterChain.doFilter(FilterChainProxy.java:374) ~[spring-security-web-6.3.1.jar:6.3.1]
	at org.springframework.security.web.header.HeaderWriterFilter.doHeadersAfter(HeaderWriterFilter.java:90) ~[spring-security-web-6.3.1.jar:6.3.1]
	at org.springframework.security.web.header.HeaderWriterFilter.doFilterInternal(HeaderWriterFilter.java:75) ~[spring-security-web-6.3.1.jar:6.3.1]
	at org.springframework.web.filter.OncePerRequestFilter.doFilter(OncePerRequestFilter.java:116) ~[spring-web-6.1.10.jar:6.1.10]
	at org.springframework.security.web.FilterChainProxy$VirtualFilterChain.doFilter(FilterChainProxy.java:374) ~[spring-security-web-6.3.1.jar:6.3.1]
	at org.springframework.security.web.context.SecurityContextHolderFilter.doFilter(SecurityContextHolderFilter.java:82) ~[spring-security-web-6.3.1.jar:6.3.1]
	at org.springframework.security.web.context.SecurityContextHolderFilter.doFilter(SecurityContextHolderFilter.java:69) ~[spring-security-web-6.3.1.jar:6.3.1]
	at org.springframework.security.web.FilterChainProxy$VirtualFilterChain.doFilter(FilterChainProxy.java:374) ~[spring-security-web-6.3.1.jar:6.3.1]
	at org.springframework.security.web.context.request.async.WebAsyncManagerIntegrationFilter.doFilterInternal(WebAsyncManagerIntegrationFilter.java:62) ~[spring-security-web-6.3.1.jar:6.3.1]
	at org.springframework.web.filter.OncePerRequestFilter.doFilter(OncePerRequestFilter.java:116) ~[spring-web-6.1.10.jar:6.1.10]
	at org.springframework.security.web.FilterChainProxy$VirtualFilterChain.doFilter(FilterChainProxy.java:374) ~[spring-security-web-6.3.1.jar:6.3.1]
	at org.springframework.security.web.session.DisableEncodeUrlFilter.doFilterInternal(DisableEncodeUrlFilter.java:42) ~[spring-security-web-6.3.1.jar:6.3.1]
	at org.springframework.web.filter.OncePerRequestFilter.doFilter(OncePerRequestFilter.java:116) ~[spring-web-6.1.10.jar:6.1.10]
	at org.springframework.security.web.FilterChainProxy$VirtualFilterChain.doFilter(FilterChainProxy.java:374) ~[spring-security-web-6.3.1.jar:6.3.1]
	at org.springframework.security.web.FilterChainProxy.doFilterInternal(FilterChainProxy.java:233) ~[spring-security-web-6.3.1.jar:6.3.1]
	at org.springframework.security.web.FilterChainProxy.doFilter(FilterChainProxy.java:191) ~[spring-security-web-6.3.1.jar:6.3.1]
	at org.springframework.web.filter.CompositeFilter$VirtualFilterChain.doFilter(CompositeFilter.java:113) ~[spring-web-6.1.10.jar:6.1.10]
	at org.springframework.web.servlet.handler.HandlerMappingIntrospector.lambda$createCacheFilter$3(HandlerMappingIntrospector.java:195) ~[spring-webmvc-6.1.10.jar:6.1.10]
	at org.springframework.web.filter.CompositeFilter$VirtualFilterChain.doFilter(CompositeFilter.java:113) ~[spring-web-6.1.10.jar:6.1.10]
	at org.springframework.web.filter.CompositeFilter.doFilter(CompositeFilter.java:74) ~[spring-web-6.1.10.jar:6.1.10]
	at org.springframework.security.config.annotation.web.configuration.WebMvcSecurityConfiguration$CompositeFilterChainProxy.doFilter(WebMvcSecurityConfiguration.java:230) ~[spring-security-config-6.3.1.jar:6.3.1]
	at org.springframework.web.filter.DelegatingFilterProxy.invokeDelegate(DelegatingFilterProxy.java:352) ~[spring-web-6.1.10.jar:6.1.10]
	at org.springframework.web.filter.DelegatingFilterProxy.doFilter(DelegatingFilterProxy.java:268) ~[spring-web-6.1.10.jar:6.1.10]
	at org.apache.catalina.core.ApplicationFilterChain.internalDoFilter(ApplicationFilterChain.java:164) ~[tomcat-embed-core-10.1.25.jar:10.1.25]
	at org.apache.catalina.core.ApplicationFilterChain.doFilter(ApplicationFilterChain.java:140) ~[tomcat-embed-core-10.1.25.jar:10.1.25]
	at org.springframework.web.filter.RequestContextFilter.doFilterInternal(RequestContextFilter.java:100) ~[spring-web-6.1.10.jar:6.1.10]
	at org.springframework.web.filter.OncePerRequestFilter.doFilter(OncePerRequestFilter.java:116) ~[spring-web-6.1.10.jar:6.1.10]
	at org.apache.catalina.core.ApplicationFilterChain.internalDoFilter(ApplicationFilterChain.java:164) ~[tomcat-embed-core-10.1.25.jar:10.1.25]
	at org.apache.catalina.core.ApplicationFilterChain.doFilter(ApplicationFilterChain.java:140) ~[tomcat-embed-core-10.1.25.jar:10.1.25]
	at org.springframework.web.filter.FormContentFilter.doFilterInternal(FormContentFilter.java:93) ~[spring-web-6.1.10.jar:6.1.10]
	at org.springframework.web.filter.OncePerRequestFilter.doFilter(OncePerRequestFilter.java:116) ~[spring-web-6.1.10.jar:6.1.10]
	at org.apache.catalina.core.ApplicationFilterChain.internalDoFilter(ApplicationFilterChain.java:164) ~[tomcat-embed-core-10.1.25.jar:10.1.25]
	at org.apache.catalina.core.ApplicationFilterChain.doFilter(ApplicationFilterChain.java:140) ~[tomcat-embed-core-10.1.25.jar:10.1.25]
	at org.springframework.web.filter.CharacterEncodingFilter.doFilterInternal(CharacterEncodingFilter.java:201) ~[spring-web-6.1.10.jar:6.1.10]
	at org.springframework.web.filter.OncePerRequestFilter.doFilter(OncePerRequestFilter.java:116) ~[spring-web-6.1.10.jar:6.1.10]
	at org.apache.catalina.core.ApplicationFilterChain.internalDoFilter(ApplicationFilterChain.java:164) ~[tomcat-embed-core-10.1.25.jar:10.1.25]
	at org.apache.catalina.core.ApplicationFilterChain.doFilter(ApplicationFilterChain.java:140) ~[tomcat-embed-core-10.1.25.jar:10.1.25]
	at org.apache.catalina.core.StandardWrapperValve.invoke(StandardWrapperValve.java:167) ~[tomcat-embed-core-10.1.25.jar:10.1.25]
	at org.apache.catalina.core.StandardContextValve.invoke(StandardContextValve.java:90) ~[tomcat-embed-core-10.1.25.jar:10.1.25]
	at org.apache.catalina.authenticator.AuthenticatorBase.invoke(AuthenticatorBase.java:482) ~[tomcat-embed-core-10.1.25.jar:10.1.25]
	at org.apache.catalina.core.StandardHostValve.invoke(StandardHostValve.java:115) ~[tomcat-embed-core-10.1.25.jar:10.1.25]
	at org.apache.catalina.valves.ErrorReportValve.invoke(ErrorReportValve.java:93) ~[tomcat-embed-core-10.1.25.jar:10.1.25]
	at org.apache.catalina.core.StandardEngineValve.invoke(StandardEngineValve.java:74) ~[tomcat-embed-core-10.1.25.jar:10.1.25]
	at org.apache.catalina.connector.CoyoteAdapter.service(CoyoteAdapter.java:344) ~[tomcat-embed-core-10.1.25.jar:10.1.25]
	at org.apache.coyote.http11.Http11Processor.service(Http11Processor.java:389) ~[tomcat-embed-core-10.1.25.jar:10.1.25]
	at org.apache.coyote.AbstractProcessorLight.process(AbstractProcessorLight.java:63) ~[tomcat-embed-core-10.1.25.jar:10.1.25]
	at org.apache.coyote.AbstractProtocol$ConnectionHandler.process(AbstractProtocol.java:904) ~[tomcat-embed-core-10.1.25.jar:10.1.25]
	at org.apache.tomcat.util.net.NioEndpoint$SocketProcessor.doRun(NioEndpoint.java:1741) ~[tomcat-embed-core-10.1.25.jar:10.1.25]
	at org.apache.tomcat.util.net.SocketProcessorBase.run(SocketProcessorBase.java:52) ~[tomcat-embed-core-10.1.25.jar:10.1.25]
	at org.apache.tomcat.util.threads.ThreadPoolExecutor.runWorker(ThreadPoolExecutor.java:1190) ~[tomcat-embed-core-10.1.25.jar:10.1.25]
	at org.apache.tomcat.util.threads.ThreadPoolExecutor$Worker.run(ThreadPoolExecutor.java:659) ~[tomcat-embed-core-10.1.25.jar:10.1.25]
	at org.apache.tomcat.util.threads.TaskThread$WrappingRunnable.run(TaskThread.java:63) ~[tomcat-embed-core-10.1.25.jar:10.1.25]
	at java.base/java.lang.Thread.run(Thread.java:833) ~[na:na]

2026-01-11T13:31:48.822+05:30 DEBUG 15764 --- [task-management-system] [http-nio-8080-exec-2] o.s.web.servlet.DispatcherServlet        : POST "/api/auth/login", parameters={}
2026-01-11T13:31:48.824+05:30 DEBUG 15764 --- [task-management-system] [http-nio-8080-exec-2] s.w.s.m.m.a.RequestMappingHandlerMapping : Mapped to com.project.task_manager.controller.AuthController#login(LoginRequest)
2026-01-11T13:31:48.873+05:30 DEBUG 15764 --- [task-management-system] [http-nio-8080-exec-2] m.m.a.RequestResponseBodyMethodProcessor : Read "application/json;charset=UTF-8" to [com.project.task_manager.dto.request.LoginRequest@11b18626]
2026-01-11T13:31:49.284+05:30 DEBUG 15764 --- [task-management-system] [http-nio-8080-exec-2] o.s.w.s.m.m.a.HttpEntityMethodProcessor  : Using 'application/json', given [application/json, text/plain, */*] and supported [application/json, application/*+json]
2026-01-11T13:31:49.285+05:30 DEBUG 15764 --- [task-management-system] [http-nio-8080-exec-2] o.s.w.s.m.m.a.HttpEntityMethodProcessor  : Writing [com.project.task_manager.dto.response.AuthResponse@154bc015]
2026-01-11T13:31:49.296+05:30 DEBUG 15764 --- [task-management-system] [http-nio-8080-exec-2] o.s.web.servlet.DispatcherServlet        : Completed 200 OK
2026-01-11T13:31:49.403+05:30 DEBUG 15764 --- [task-management-system] [http-nio-8080-exec-4] o.s.web.servlet.DispatcherServlet        : GET "/api/tasks/my-tasks", parameters={}
2026-01-11T13:31:49.403+05:30 DEBUG 15764 --- [task-management-system] [http-nio-8080-exec-4] s.w.s.m.m.a.RequestMappingHandlerMapping : Mapped to com.project.task_manager.controller.TaskController#getMyTasks()
2026-01-11T13:31:49.486+05:30 DEBUG 15764 --- [task-management-system] [http-nio-8080-exec-4] o.s.w.s.m.m.a.HttpEntityMethodProcessor  : Using 'application/json', given [application/json, text/plain, */*] and supported [application/json, application/*+json]
2026-01-11T13:31:49.487+05:30 DEBUG 15764 --- [task-management-system] [http-nio-8080-exec-4] o.s.w.s.m.m.a.HttpEntityMethodProcessor  : Writing [[com.project.task_manager.dto.response.TaskResponse@bbb8379]]
2026-01-11T13:31:49.499+05:30 DEBUG 15764 --- [task-management-system] [http-nio-8080-exec-4] o.s.web.servlet.DispatcherServlet        : Completed 200 OK
2026-01-11T13:31:52.732+05:30 DEBUG 15764 --- [task-management-system] [http-nio-8080-exec-6] o.s.web.servlet.DispatcherServlet        : GET "/api/users", parameters={}
2026-01-11T13:31:52.733+05:30 DEBUG 15764 --- [task-management-system] [http-nio-8080-exec-6] s.w.s.m.m.a.RequestMappingHandlerMapping : Mapped to com.project.task_manager.controller.UserController#getAllUsers()
2026-01-11T13:31:52.758+05:30 DEBUG 15764 --- [task-management-system] [http-nio-8080-exec-6] o.s.w.s.m.m.a.HttpEntityMethodProcessor  : Using 'application/json', given [application/json, text/plain, */*] and supported [application/json, application/*+json]
2026-01-11T13:31:52.758+05:30 DEBUG 15764 --- [task-management-system] [http-nio-8080-exec-6] o.s.w.s.m.m.a.HttpEntityMethodProcessor  : Writing [[com.project.task_manager.dto.response.UserResponse@3b691ef0, com.project.task_manager.dto.response. (truncated)...]
2026-01-11T13:31:52.761+05:30 DEBUG 15764 --- [task-management-system] [http-nio-8080-exec-6] o.s.web.servlet.DispatcherServlet        : Completed 200 OK
2026-01-11T13:31:54.501+05:30 DEBUG 15764 --- [task-management-system] [http-nio-8080-exec-8] o.s.web.servlet.DispatcherServlet        : GET "/api/users/roles", parameters={}
2026-01-11T13:31:54.502+05:30 DEBUG 15764 --- [task-management-system] [http-nio-8080-exec-8] s.w.s.m.m.a.RequestMappingHandlerMapping : Mapped to com.project.task_manager.controller.UserController#getAllRoles()
2026-01-11T13:31:54.524+05:30 DEBUG 15764 --- [task-management-system] [http-nio-8080-exec-8] o.s.w.s.m.m.a.HttpEntityMethodProcessor  : Using 'application/json', given [application/json, text/plain, */*] and supported [application/json, application/*+json]
2026-01-11T13:31:54.525+05:30 DEBUG 15764 --- [task-management-system] [http-nio-8080-exec-8] o.s.w.s.m.m.a.HttpEntityMethodProcessor  : Writing [[RoleResponse(id=1, name=ADMIN, description=Administrator with full system access, createdAt=2025-12 (truncated)...]
2026-01-11T13:31:54.527+05:30 DEBUG 15764 --- [task-management-system] [http-nio-8080-exec-8] o.s.web.servlet.DispatcherServlet        : Completed 200 OK
2026-01-11T13:34:09.421+05:30 DEBUG 15764 --- [task-management-system] [http-nio-8080-exec-1] o.s.web.servlet.DispatcherServlet        : PUT "/api/users/1", parameters={}
2026-01-11T13:34:09.426+05:30  WARN 15764 --- [task-management-system] [http-nio-8080-exec-1] .w.s.m.s.DefaultHandlerExceptionResolver : Resolved [org.springframework.web.HttpRequestMethodNotSupportedException: Request method 'PUT' is not supported]
2026-01-11T13:34:09.427+05:30 DEBUG 15764 --- [task-management-system] [http-nio-8080-exec-1] o.s.web.servlet.DispatcherServlet        : Completed 405 METHOD_NOT_ALLOWED
2026-01-11T13:34:15.014+05:30 DEBUG 15764 --- [task-management-system] [http-nio-8080-exec-3] o.s.web.servlet.DispatcherServlet        : GET "/api/users/roles", parameters={}
2026-01-11T13:34:15.014+05:30 DEBUG 15764 --- [task-management-system] [http-nio-8080-exec-3] s.w.s.m.m.a.RequestMappingHandlerMapping : Mapped to com.project.task_manager.controller.UserController#getAllRoles()
2026-01-11T13:34:15.027+05:30 DEBUG 15764 --- [task-management-system] [http-nio-8080-exec-3] o.s.w.s.m.m.a.HttpEntityMethodProcessor  : Using 'application/json', given [application/json, text/plain, */*] and supported [application/json, application/*+json]
2026-01-11T13:34:15.027+05:30 DEBUG 15764 --- [task-management-system] [http-nio-8080-exec-3] o.s.w.s.m.m.a.HttpEntityMethodProcessor  : Writing [[RoleResponse(id=1, name=ADMIN, description=Administrator with full system access, createdAt=2025-12 (truncated)...]
2026-01-11T13:34:15.028+05:30 DEBUG 15764 --- [task-management-system] [http-nio-8080-exec-3] o.s.web.servlet.DispatcherServlet        : Completed 200 OK
2026-01-11T13:34:18.528+05:30 DEBUG 15764 --- [task-management-system] [http-nio-8080-exec-5] o.s.web.servlet.DispatcherServlet        : PUT "/api/users/4", parameters={}
2026-01-11T13:34:18.529+05:30  WARN 15764 --- [task-management-system] [http-nio-8080-exec-5] .w.s.m.s.DefaultHandlerExceptionResolver : Resolved [org.springframework.web.HttpRequestMethodNotSupportedException: Request method 'PUT' is not supported]
2026-01-11T13:34:18.529+05:30 DEBUG 15764 --- [task-management-system] [http-nio-8080-exec-5] o.s.web.servlet.DispatcherServlet        : Completed 405 METHOD_NOT_ALLOWED
2026-01-11T13:35:12.600+05:30 DEBUG 15764 --- [task-management-system] [http-nio-8080-exec-8] o.s.web.servlet.DispatcherServlet        : PUT "/api/users/4", parameters={}
2026-01-11T13:35:12.601+05:30  WARN 15764 --- [task-management-system] [http-nio-8080-exec-8] .w.s.m.s.DefaultHandlerExceptionResolver : Resolved [org.springframework.web.HttpRequestMethodNotSupportedException: Request method 'PUT' is not supported]
2026-01-11T13:35:12.601+05:30 DEBUG 15764 --- [task-management-system] [http-nio-8080-exec-8] o.s.web.servlet.DispatcherServlet        : Completed 405 METHOD_NOT_ALLOWED
2026-01-11T13:35:27.213+05:30 DEBUG 15764 --- [task-management-system] [http-nio-8080-exec-10] o.s.web.servlet.DispatcherServlet        : GET "/api/users", parameters={}
2026-01-11T13:35:27.215+05:30 DEBUG 15764 --- [task-management-system] [http-nio-8080-exec-10] s.w.s.m.m.a.RequestMappingHandlerMapping : Mapped to com.project.task_manager.controller.UserController#getAllUsers()
2026-01-11T13:35:27.300+05:30 DEBUG 15764 --- [task-management-system] [http-nio-8080-exec-10] o.s.w.s.m.m.a.HttpEntityMethodProcessor  : Using 'application/json', given [application/json, text/plain, */*] and supported [application/json, application/*+json]
2026-01-11T13:35:27.301+05:30 DEBUG 15764 --- [task-management-system] [http-nio-8080-exec-10] o.s.w.s.m.m.a.HttpEntityMethodProcessor  : Writing [[com.project.task_manager.dto.response.UserResponse@7ee59d88, com.project.task_manager.dto.response. (truncated)...]
2026-01-11T13:35:27.303+05:30 DEBUG 15764 --- [task-management-system] [http-nio-8080-exec-10] o.s.web.servlet.DispatcherServlet        : Completed 200 OK
2026-01-11T13:35:29.834+05:30 DEBUG 15764 --- [task-management-system] [http-nio-8080-exec-2] o.s.web.servlet.DispatcherServlet        : GET "/api/users/roles", parameters={}
2026-01-11T13:35:29.835+05:30 DEBUG 15764 --- [task-management-system] [http-nio-8080-exec-2] s.w.s.m.m.a.RequestMappingHandlerMapping : Mapped to com.project.task_manager.controller.UserController#getAllRoles()
2026-01-11T13:35:29.841+05:30 DEBUG 15764 --- [task-management-system] [http-nio-8080-exec-2] o.s.w.s.m.m.a.HttpEntityMethodProcessor  : Using 'application/json', given [application/json, text/plain, */*] and supported [application/json, application/*+json]
2026-01-11T13:35:29.841+05:30 DEBUG 15764 --- [task-management-system] [http-nio-8080-exec-2] o.s.w.s.m.m.a.HttpEntityMethodProcessor  : Writing [[RoleResponse(id=1, name=ADMIN, description=Administrator with full system access, createdAt=2025-12 (truncated)...]
2026-01-11T13:35:29.842+05:30 DEBUG 15764 --- [task-management-system] [http-nio-8080-exec-2] o.s.web.servlet.DispatcherServlet        : Completed 200 OK
2026-01-11T13:35:36.845+05:30 DEBUG 15764 --- [task-management-system] [http-nio-8080-exec-4] o.s.web.servlet.DispatcherServlet        : PUT "/api/users/4", parameters={}
2026-01-11T13:35:36.845+05:30  WARN 15764 --- [task-management-system] [http-nio-8080-exec-4] .w.s.m.s.DefaultHandlerExceptionResolver : Resolved [org.springframework.web.HttpRequestMethodNotSupportedException: Request method 'PUT' is not supported]
2026-01-11T13:35:36.846+05:30 DEBUG 15764 --- [task-management-system] [http-nio-8080-exec-4] o.s.web.servlet.DispatcherServlet        : Completed 405 METHOD_NOT_ALLOWED
2026-01-11T13:37:00.372+05:30 DEBUG 15764 --- [task-management-system] [http-nio-8080-exec-6] o.s.web.servlet.DispatcherServlet        : GET "/api/users", parameters={}
2026-01-11T13:37:00.373+05:30 DEBUG 15764 --- [task-management-system] [http-nio-8080-exec-6] s.w.s.m.m.a.RequestMappingHandlerMapping : Mapped to com.project.task_manager.controller.UserController#getAllUsers()
2026-01-11T13:37:00.423+05:30 DEBUG 15764 --- [task-management-system] [http-nio-8080-exec-6] o.s.w.s.m.m.a.HttpEntityMethodProcessor  : Using 'application/json', given [application/json, text/plain, */*] and supported [application/json, application/*+json]
2026-01-11T13:37:00.424+05:30 DEBUG 15764 --- [task-management-system] [http-nio-8080-exec-6] o.s.w.s.m.m.a.HttpEntityMethodProcessor  : Writing [[com.project.task_manager.dto.response.UserResponse@6a9c4161, com.project.task_manager.dto.response. (truncated)...]
2026-01-11T13:37:00.426+05:30 DEBUG 15764 --- [task-management-system] [http-nio-8080-exec-6] o.s.web.servlet.DispatcherServlet        : Completed 200 OK
2026-01-11T13:37:02.229+05:30 DEBUG 15764 --- [task-management-system] [http-nio-8080-exec-10] o.s.web.servlet.DispatcherServlet        : GET "/api/users/roles", parameters={}
2026-01-11T13:37:02.229+05:30 DEBUG 15764 --- [task-management-system] [http-nio-8080-exec-10] s.w.s.m.m.a.RequestMappingHandlerMapping : Mapped to com.project.task_manager.controller.UserController#getAllRoles()
2026-01-11T13:37:02.236+05:30 DEBUG 15764 --- [task-management-system] [http-nio-8080-exec-10] o.s.w.s.m.m.a.HttpEntityMethodProcessor  : Using 'application/json', given [application/json, text/plain, */*] and supported [application/json, application/*+json]
2026-01-11T13:37:02.237+05:30 DEBUG 15764 --- [task-management-system] [http-nio-8080-exec-10] o.s.w.s.m.m.a.HttpEntityMethodProcessor  : Writing [[RoleResponse(id=1, name=ADMIN, description=Administrator with full system access, createdAt=2025-12 (truncated)...]
2026-01-11T13:37:02.239+05:30 DEBUG 15764 --- [task-management-system] [http-nio-8080-exec-10] o.s.web.servlet.DispatcherServlet        : Completed 200 OK
2026-01-11T13:37:05.547+05:30 DEBUG 15764 --- [task-management-system] [http-nio-8080-exec-1] o.s.web.servlet.DispatcherServlet        : GET "/api/users/roles", parameters={}
2026-01-11T13:37:05.549+05:30 DEBUG 15764 --- [task-management-system] [http-nio-8080-exec-1] s.w.s.m.m.a.RequestMappingHandlerMapping : Mapped to com.project.task_manager.controller.UserController#getAllRoles()
2026-01-11T13:37:05.561+05:30 DEBUG 15764 --- [task-management-system] [http-nio-8080-exec-1] o.s.w.s.m.m.a.HttpEntityMethodProcessor  : Using 'application/json', given [application/json, text/plain, */*] and supported [application/json, application/*+json]
2026-01-11T13:37:05.562+05:30 DEBUG 15764 --- [task-management-system] [http-nio-8080-exec-1] o.s.w.s.m.m.a.HttpEntityMethodProcessor  : Writing [[RoleResponse(id=1, name=ADMIN, description=Administrator with full system access, createdAt=2025-12 (truncated)...]
2026-01-11T13:37:05.563+05:30 DEBUG 15764 --- [task-management-system] [http-nio-8080-exec-1] o.s.web.servlet.DispatcherServlet        : Completed 200 OK
2026-01-11T13:37:12.192+05:30 DEBUG 15764 --- [task-management-system] [http-nio-8080-exec-3] o.s.web.servlet.DispatcherServlet        : PUT "/api/users/4", parameters={}
2026-01-11T13:37:12.194+05:30  WARN 15764 --- [task-management-system] [http-nio-8080-exec-3] .w.s.m.s.DefaultHandlerExceptionResolver : Resolved [org.springframework.web.HttpRequestMethodNotSupportedException: Request method 'PUT' is not supported]
2026-01-11T13:37:12.194+05:30 DEBUG 15764 --- [task-management-system] [http-nio-8080-exec-3] o.s.web.servlet.DispatcherServlet        : Completed 405 METHOD_NOT_ALLOWED
2026-01-11T13:38:26.939+05:30 DEBUG 15764 --- [task-management-system] [http-nio-8080-exec-7] o.s.web.servlet.DispatcherServlet        : GET "/api/users", parameters={}
2026-01-11T13:38:26.941+05:30 DEBUG 15764 --- [task-management-system] [http-nio-8080-exec-7] s.w.s.m.m.a.RequestMappingHandlerMapping : Mapped to com.project.task_manager.controller.UserController#getAllUsers()
2026-01-11T13:38:26.967+05:30 DEBUG 15764 --- [task-management-system] [http-nio-8080-exec-7] o.s.w.s.m.m.a.HttpEntityMethodProcessor  : Using 'application/json', given [application/json, text/plain, */*] and supported [application/json, application/*+json]
2026-01-11T13:38:26.967+05:30 DEBUG 15764 --- [task-management-system] [http-nio-8080-exec-7] o.s.w.s.m.m.a.HttpEntityMethodProcessor  : Writing [[com.project.task_manager.dto.response.UserResponse@21895a7d, com.project.task_manager.dto.response. (truncated)...]
2026-01-11T13:38:27.004+05:30 DEBUG 15764 --- [task-management-system] [http-nio-8080-exec-7] o.s.web.servlet.DispatcherServlet        : Completed 200 OK
2026-01-11T13:39:35.943+05:30 DEBUG 15764 --- [task-management-system] [http-nio-8080-exec-9] o.s.web.servlet.DispatcherServlet        : DELETE "/api/users/4", parameters={}
2026-01-11T13:39:35.944+05:30  WARN 15764 --- [task-management-system] [http-nio-8080-exec-9] .w.s.m.s.DefaultHandlerExceptionResolver : Resolved [org.springframework.web.HttpRequestMethodNotSupportedException: Request method 'DELETE' is not supported]
2026-01-11T13:39:35.946+05:30 DEBUG 15764 --- [task-management-system] [http-nio-8080-exec-9] o.s.web.servlet.DispatcherServlet        : Completed 405 METHOD_NOT_ALLOWED
2026-01-11T13:40:14.006+05:30 DEBUG 15764 --- [task-management-system] [http-nio-8080-exec-2] o.s.web.servlet.DispatcherServlet        : GET "/api/users/roles", parameters={}
2026-01-11T13:40:14.009+05:30 DEBUG 15764 --- [task-management-system] [http-nio-8080-exec-2] s.w.s.m.m.a.RequestMappingHandlerMapping : Mapped to com.project.task_manager.controller.UserController#getAllRoles()
2026-01-11T13:40:14.017+05:30 DEBUG 15764 --- [task-management-system] [http-nio-8080-exec-2] o.s.w.s.m.m.a.HttpEntityMethodProcessor  : Using 'application/json', given [application/json, text/plain, */*] and supported [application/json, application/*+json]
2026-01-11T13:40:14.017+05:30 DEBUG 15764 --- [task-management-system] [http-nio-8080-exec-2] o.s.w.s.m.m.a.HttpEntityMethodProcessor  : Writing [[RoleResponse(id=1, name=ADMIN, description=Administrator with full system access, createdAt=2025-12 (truncated)...]
2026-01-11T13:40:14.018+05:30 DEBUG 15764 --- [task-management-system] [http-nio-8080-exec-2] o.s.web.servlet.DispatcherServlet        : Completed 200 OK
2026-01-11T13:40:34.923+05:30 DEBUG 15764 --- [task-management-system] [http-nio-8080-exec-5] o.s.web.servlet.DispatcherServlet        : GET "/api/users/roles", parameters={}
2026-01-11T13:40:34.923+05:30 DEBUG 15764 --- [task-management-system] [http-nio-8080-exec-5] s.w.s.m.m.a.RequestMappingHandlerMapping : Mapped to com.project.task_manager.controller.UserController#getAllRoles()
2026-01-11T13:40:34.928+05:30 DEBUG 15764 --- [task-management-system] [http-nio-8080-exec-5] o.s.w.s.m.m.a.HttpEntityMethodProcessor  : Using 'application/json', given [application/json, text/plain, */*] and supported [application/json, application/*+json]
2026-01-11T13:40:34.929+05:30 DEBUG 15764 --- [task-management-system] [http-nio-8080-exec-5] o.s.w.s.m.m.a.HttpEntityMethodProcessor  : Writing [[RoleResponse(id=1, name=ADMIN, description=Administrator with full system access, createdAt=2025-12 (truncated)...]
2026-01-11T13:40:34.931+05:30 DEBUG 15764 --- [task-management-system] [http-nio-8080-exec-5] o.s.web.servlet.DispatcherServlet        : Completed 200 OK
2026-01-11T13:40:56.668+05:30 DEBUG 15764 --- [task-management-system] [http-nio-8080-exec-6] o.s.web.servlet.DispatcherServlet        : POST "/api/auth/register", parameters={}
2026-01-11T13:40:56.668+05:30 DEBUG 15764 --- [task-management-system] [http-nio-8080-exec-6] s.w.s.m.m.a.RequestMappingHandlerMapping : Mapped to com.project.task_manager.controller.AuthController#register(RegisterRequest)
2026-01-11T13:40:56.747+05:30 DEBUG 15764 --- [task-management-system] [http-nio-8080-exec-6] m.m.a.RequestResponseBodyMethodProcessor : Read "application/json;charset=UTF-8" to [com.project.task_manager.dto.request.RegisterRequest@3006c7b3]
2026-01-11T13:40:57.369+05:30 DEBUG 15764 --- [task-management-system] [http-nio-8080-exec-6] o.s.w.s.m.m.a.HttpEntityMethodProcessor  : Using 'application/json', given [application/json, text/plain, */*] and supported [application/json, application/*+json]
2026-01-11T13:40:57.369+05:30 DEBUG 15764 --- [task-management-system] [http-nio-8080-exec-6] o.s.w.s.m.m.a.HttpEntityMethodProcessor  : Writing [com.project.task_manager.dto.response.AuthResponse@258182c4]
2026-01-11T13:40:57.371+05:30 DEBUG 15764 --- [task-management-system] [http-nio-8080-exec-6] o.s.web.servlet.DispatcherServlet        : Completed 201 CREATED
2026-01-11T13:40:57.502+05:30 DEBUG 15764 --- [task-management-system] [http-nio-8080-exec-9] o.s.web.servlet.DispatcherServlet        : GET "/api/users", parameters={}
2026-01-11T13:40:57.502+05:30 DEBUG 15764 --- [task-management-system] [http-nio-8080-exec-9] s.w.s.m.m.a.RequestMappingHandlerMapping : Mapped to com.project.task_manager.controller.UserController#getAllUsers()
2026-01-11T13:40:57.514+05:30 DEBUG 15764 --- [task-management-system] [http-nio-8080-exec-9] o.s.w.s.m.m.a.HttpEntityMethodProcessor  : Using 'application/json', given [application/json, text/plain, */*] and supported [application/json, application/*+json]
2026-01-11T13:40:57.514+05:30 DEBUG 15764 --- [task-management-system] [http-nio-8080-exec-9] o.s.w.s.m.m.a.HttpEntityMethodProcessor  : Writing [[com.project.task_manager.dto.response.UserResponse@74f70ba0, com.project.task_manager.dto.response. (truncated)...]
2026-01-11T13:40:57.516+05:30 DEBUG 15764 --- [task-management-system] [http-nio-8080-exec-9] o.s.web.servlet.DispatcherServlet        : Completed 200 OK
2026-01-11T13:41:44.061+05:30 DEBUG 15764 --- [task-management-system] [http-nio-8080-exec-2] o.s.web.servlet.DispatcherServlet        : GET "/api/users/roles", parameters={}
2026-01-11T13:41:44.062+05:30 DEBUG 15764 --- [task-management-system] [http-nio-8080-exec-2] s.w.s.m.m.a.RequestMappingHandlerMapping : Mapped to com.project.task_manager.controller.UserController#getAllRoles()
2026-01-11T13:41:44.068+05:30 DEBUG 15764 --- [task-management-system] [http-nio-8080-exec-2] o.s.w.s.m.m.a.HttpEntityMethodProcessor  : Using 'application/json', given [application/json, text/plain, */*] and supported [application/json, application/*+json]
2026-01-11T13:41:44.068+05:30 DEBUG 15764 --- [task-management-system] [http-nio-8080-exec-2] o.s.w.s.m.m.a.HttpEntityMethodProcessor  : Writing [[RoleResponse(id=1, name=ADMIN, description=Administrator with full system access, createdAt=2025-12 (truncated)...]
2026-01-11T13:41:44.069+05:30 DEBUG 15764 --- [task-management-system] [http-nio-8080-exec-2] o.s.web.servlet.DispatcherServlet        : Completed 200 OK
2026-01-11T13:42:01.595+05:30 DEBUG 15764 --- [task-management-system] [http-nio-8080-exec-4] o.s.web.servlet.DispatcherServlet        : POST "/api/auth/register", parameters={}
2026-01-11T13:42:01.596+05:30 DEBUG 15764 --- [task-management-system] [http-nio-8080-exec-4] s.w.s.m.m.a.RequestMappingHandlerMapping : Mapped to com.project.task_manager.controller.AuthController#register(RegisterRequest)
2026-01-11T13:42:01.596+05:30 DEBUG 15764 --- [task-management-system] [http-nio-8080-exec-4] m.m.a.RequestResponseBodyMethodProcessor : Read "application/json;charset=UTF-8" to [com.project.task_manager.dto.request.RegisterRequest@649b0770]
2026-01-11T13:42:01.679+05:30 DEBUG 15764 --- [task-management-system] [http-nio-8080-exec-4] o.s.w.s.m.m.a.HttpEntityMethodProcessor  : Using 'application/json', given [application/json, text/plain, */*] and supported [application/json, application/*+json]
2026-01-11T13:42:01.679+05:30 DEBUG 15764 --- [task-management-system] [http-nio-8080-exec-4] o.s.w.s.m.m.a.HttpEntityMethodProcessor  : Writing [com.project.task_manager.dto.response.AuthResponse@5bebefbc]
2026-01-11T13:42:01.680+05:30 DEBUG 15764 --- [task-management-system] [http-nio-8080-exec-4] o.s.web.servlet.DispatcherServlet        : Completed 201 CREATED
2026-01-11T13:42:01.791+05:30 DEBUG 15764 --- [task-management-system] [http-nio-8080-exec-7] o.s.web.servlet.DispatcherServlet        : GET "/api/users", parameters={}
2026-01-11T13:42:01.792+05:30 DEBUG 15764 --- [task-management-system] [http-nio-8080-exec-7] s.w.s.m.m.a.RequestMappingHandlerMapping : Mapped to com.project.task_manager.controller.UserController#getAllUsers()
2026-01-11T13:42:01.805+05:30 DEBUG 15764 --- [task-management-system] [http-nio-8080-exec-7] o.s.w.s.m.m.a.HttpEntityMethodProcessor  : Using 'application/json', given [application/json, text/plain, */*] and supported [application/json, application/*+json]
2026-01-11T13:42:01.806+05:30 DEBUG 15764 --- [task-management-system] [http-nio-8080-exec-7] o.s.w.s.m.m.a.HttpEntityMethodProcessor  : Writing [[com.project.task_manager.dto.response.UserResponse@33c3ad60, com.project.task_manager.dto.response. (truncated)...]
2026-01-11T13:42:01.807+05:30 DEBUG 15764 --- [task-management-system] [http-nio-8080-exec-7] o.s.web.servlet.DispatcherServlet        : Completed 200 OK
2026-01-11T13:45:00.257+05:30 DEBUG 15764 --- [task-management-system] [http-nio-8080-exec-9] o.s.web.servlet.DispatcherServlet        : GET "/api/users", parameters={}
2026-01-11T13:45:00.261+05:30 DEBUG 15764 --- [task-management-system] [http-nio-8080-exec-9] s.w.s.m.m.a.RequestMappingHandlerMapping : Mapped to com.project.task_manager.controller.UserController#getAllUsers()
2026-01-11T13:45:00.311+05:30 DEBUG 15764 --- [task-management-system] [http-nio-8080-exec-9] o.s.w.s.m.m.a.HttpEntityMethodProcessor  : Using 'application/json', given [application/json, text/plain, */*] and supported [application/json, application/*+json]
2026-01-11T13:45:00.311+05:30 DEBUG 15764 --- [task-management-system] [http-nio-8080-exec-9] o.s.w.s.m.m.a.HttpEntityMethodProcessor  : Writing [[com.project.task_manager.dto.response.UserResponse@5cd840e2, com.project.task_manager.dto.response. (truncated)...]
2026-01-11T13:45:00.316+05:30 DEBUG 15764 --- [task-management-system] [http-nio-8080-exec-9] o.s.web.servlet.DispatcherServlet        : Completed 200 OK
2026-01-11T13:53:43.019+05:30  INFO 15764 --- [task-management-system] [SpringApplicationShutdownHook] j.LocalContainerEntityManagerFactoryBean : Closing JPA EntityManagerFactory for persistence unit 'default'
2026-01-11T13:53:43.107+05:30  INFO 15764 --- [task-management-system] [SpringApplicationShutdownHook] com.zaxxer.hikari.HikariDataSource       : HikariPool-1 - Shutdown initiated...
2026-01-11T13:53:43.122+05:30  INFO 15764 --- [task-management-system] [SpringApplicationShutdownHook] com.zaxxer.hikari.HikariDataSource       : HikariPool-1 - Shutdown completed.
2026-01-11T13:53:50.872+05:30  INFO 22876 --- [task-management-system] [restartedMain] c.p.task_manager.TaskManagerApplication  : Starting TaskManagerApplication using Java 18.0.1 with PID 22876 (D:\My projects\Task manager\Java\target\classes started by adith in D:\My projects\Task manager\Java)
2026-01-11T13:53:50.874+05:30  INFO 22876 --- [task-management-system] [restartedMain] c.p.task_manager.TaskManagerApplication  : No active profile set, falling back to 1 default profile: "default"
2026-01-11T13:53:50.944+05:30  INFO 22876 --- [task-management-system] [restartedMain] .e.DevToolsPropertyDefaultsPostProcessor : Devtools property defaults active! Set 'spring.devtools.add-properties' to 'false' to disable
2026-01-11T13:53:50.944+05:30  INFO 22876 --- [task-management-system] [restartedMain] .e.DevToolsPropertyDefaultsPostProcessor : For additional web related logging consider setting the 'logging.level.web' property to 'DEBUG'
2026-01-11T13:53:52.396+05:30  INFO 22876 --- [task-management-system] [restartedMain] .s.d.r.c.RepositoryConfigurationDelegate : Bootstrapping Spring Data JPA repositories in DEFAULT mode.
2026-01-11T13:53:52.525+05:30  INFO 22876 --- [task-management-system] [restartedMain] .s.d.r.c.RepositoryConfigurationDelegate : Finished Spring Data repository scanning in 114 ms. Found 9 JPA repository interfaces.
2026-01-11T13:53:53.641+05:30  INFO 22876 --- [task-management-system] [restartedMain] o.s.b.w.embedded.tomcat.TomcatWebServer  : Tomcat initialized with port 8080 (http)
2026-01-11T13:53:53.663+05:30  INFO 22876 --- [task-management-system] [restartedMain] o.apache.catalina.core.StandardService   : Starting service [Tomcat]
2026-01-11T13:53:53.665+05:30  INFO 22876 --- [task-management-system] [restartedMain] o.apache.catalina.core.StandardEngine    : Starting Servlet engine: [Apache Tomcat/10.1.25]
2026-01-11T13:53:53.747+05:30  INFO 22876 --- [task-management-system] [restartedMain] o.a.c.c.C.[Tomcat].[localhost].[/api]    : Initializing Spring embedded WebApplicationContext
2026-01-11T13:53:53.747+05:30  INFO 22876 --- [task-management-system] [restartedMain] w.s.c.ServletWebServerApplicationContext : Root WebApplicationContext: initialization completed in 2801 ms
2026-01-11T13:53:54.163+05:30  INFO 22876 --- [task-management-system] [restartedMain] o.hibernate.jpa.internal.util.LogHelper  : HHH000204: Processing PersistenceUnitInfo [name: default]
2026-01-11T13:53:54.277+05:30  INFO 22876 --- [task-management-system] [restartedMain] org.hibernate.Version                    : HHH000412: Hibernate ORM core version 6.5.2.Final
2026-01-11T13:53:54.339+05:30  INFO 22876 --- [task-management-system] [restartedMain] o.h.c.internal.RegionFactoryInitiator    : HHH000026: Second-level cache disabled
2026-01-11T13:53:54.783+05:30  INFO 22876 --- [task-management-system] [restartedMain] o.s.o.j.p.SpringPersistenceUnitInfo      : No LoadTimeWeaver setup: ignoring JPA class transformer
2026-01-11T13:53:54.817+05:30  INFO 22876 --- [task-management-system] [restartedMain] com.zaxxer.hikari.HikariDataSource       : HikariPool-1 - Starting...
2026-01-11T13:53:55.077+05:30  INFO 22876 --- [task-management-system] [restartedMain] com.zaxxer.hikari.pool.HikariPool        : HikariPool-1 - Added connection com.mysql.cj.jdbc.ConnectionImpl@4f895cbe
2026-01-11T13:53:55.079+05:30  INFO 22876 --- [task-management-system] [restartedMain] com.zaxxer.hikari.HikariDataSource       : HikariPool-1 - Start completed.
2026-01-11T13:53:55.172+05:30  WARN 22876 --- [task-management-system] [restartedMain] org.hibernate.orm.deprecation            : HHH90000025: MySQLDialect does not need to be specified explicitly using 'hibernate.dialect' (remove the property setting and it will be selected by default)
2026-01-11T13:53:56.524+05:30  INFO 22876 --- [task-management-system] [restartedMain] o.h.e.t.j.p.i.JtaPlatformInitiator       : HHH000489: No JTA platform available (set 'hibernate.transaction.jta.platform' to enable JTA platform integration)
2026-01-11T13:53:56.528+05:30  INFO 22876 --- [task-management-system] [restartedMain] j.LocalContainerEntityManagerFactoryBean : Initialized JPA EntityManagerFactory for persistence unit 'default'
2026-01-11T13:53:56.923+05:30  INFO 22876 --- [task-management-system] [restartedMain] o.s.d.j.r.query.QueryEnhancerFactory     : Hibernate is in classpath; If applicable, HQL parser will be used.
2026-01-11T13:53:57.443+05:30  INFO 22876 --- [task-management-system] [restartedMain] eAuthenticationProviderManagerConfigurer : Global AuthenticationManager configured with AuthenticationProvider bean with name authenticationProvider
2026-01-11T13:53:57.444+05:30  WARN 22876 --- [task-management-system] [restartedMain] r$InitializeUserDetailsManagerConfigurer : Global AuthenticationManager configured with an AuthenticationProvider bean. UserDetailsService beans will not be used for username/password login. Consider removing the AuthenticationProvider bean. Alternatively, consider using the UserDetailsService in a manually instantiated DaoAuthenticationProvider.
2026-01-11T13:53:57.990+05:30  WARN 22876 --- [task-management-system] [restartedMain] JpaBaseConfiguration$JpaWebConfiguration : spring.jpa.open-in-view is enabled by default. Therefore, database queries may be performed during view rendering. Explicitly configure spring.jpa.open-in-view to disable this warning
2026-01-11T13:53:58.230+05:30 DEBUG 22876 --- [task-management-system] [restartedMain] s.w.s.m.m.a.RequestMappingHandlerMapping : 52 mappings in 'requestMappingHandlerMapping'
2026-01-11T13:53:58.338+05:30 DEBUG 22876 --- [task-management-system] [restartedMain] o.s.w.s.handler.SimpleUrlHandlerMapping  : Patterns [/webjars/**, /**, /swagger-ui*/*swagger-initializer.js, /swagger-ui*/**] in 'resourceHandlerMapping'
2026-01-11T13:53:58.469+05:30 DEBUG 22876 --- [task-management-system] [restartedMain] s.w.s.m.m.a.RequestMappingHandlerAdapter : ControllerAdvice beans: 0 @ModelAttribute, 0 @InitBinder, 1 RequestBodyAdvice, 1 ResponseBodyAdvice
2026-01-11T13:53:58.506+05:30 DEBUG 22876 --- [task-management-system] [restartedMain] .m.m.a.ExceptionHandlerExceptionResolver : ControllerAdvice beans: 2 @ExceptionHandler, 1 ResponseBodyAdvice
2026-01-11T13:53:58.788+05:30  INFO 22876 --- [task-management-system] [restartedMain] o.s.b.d.a.OptionalLiveReloadServer       : LiveReload server is running on port 35729
2026-01-11T13:53:58.830+05:30  INFO 22876 --- [task-management-system] [restartedMain] o.s.b.w.embedded.tomcat.TomcatWebServer  : Tomcat started on port 8080 (http) with context path '/api'
2026-01-11T13:53:58.839+05:30  INFO 22876 --- [task-management-system] [restartedMain] c.p.task_manager.TaskManagerApplication  : Started TaskManagerApplication in 8.586 seconds (process running for 9.422)
2026-01-11T13:54:06.677+05:30  INFO 22876 --- [task-management-system] [http-nio-8080-exec-1] o.a.c.c.C.[Tomcat].[localhost].[/api]    : Initializing Spring DispatcherServlet 'dispatcherServlet'
2026-01-11T13:54:06.678+05:30  INFO 22876 --- [task-management-system] [http-nio-8080-exec-1] o.s.web.servlet.DispatcherServlet        : Initializing Servlet 'dispatcherServlet'
2026-01-11T13:54:06.678+05:30 DEBUG 22876 --- [task-management-system] [http-nio-8080-exec-1] o.s.web.servlet.DispatcherServlet        : Detected StandardServletMultipartResolver
2026-01-11T13:54:06.679+05:30 DEBUG 22876 --- [task-management-system] [http-nio-8080-exec-1] o.s.web.servlet.DispatcherServlet        : Detected AcceptHeaderLocaleResolver
2026-01-11T13:54:06.679+05:30 DEBUG 22876 --- [task-management-system] [http-nio-8080-exec-1] o.s.web.servlet.DispatcherServlet        : Detected FixedThemeResolver
2026-01-11T13:54:06.680+05:30 DEBUG 22876 --- [task-management-system] [http-nio-8080-exec-1] o.s.web.servlet.DispatcherServlet        : Detected org.springframework.web.servlet.view.DefaultRequestToViewNameTranslator@683b1ecd
2026-01-11T13:54:06.681+05:30 DEBUG 22876 --- [task-management-system] [http-nio-8080-exec-1] o.s.web.servlet.DispatcherServlet        : Detected org.springframework.web.servlet.support.SessionFlashMapManager@46156180
2026-01-11T13:54:06.682+05:30 DEBUG 22876 --- [task-management-system] [http-nio-8080-exec-1] o.s.web.servlet.DispatcherServlet        : enableLoggingRequestDetails='false': request parameters and headers will be masked to prevent unsafe logging of potentially sensitive data
2026-01-11T13:54:06.682+05:30  INFO 22876 --- [task-management-system] [http-nio-8080-exec-1] o.s.web.servlet.DispatcherServlet        : Completed initialization in 4 ms
2026-01-11T13:54:07.386+05:30 DEBUG 22876 --- [task-management-system] [http-nio-8080-exec-2] o.s.web.servlet.DispatcherServlet        : GET "/api/users/roles", parameters={}
2026-01-11T13:54:07.389+05:30 DEBUG 22876 --- [task-management-system] [http-nio-8080-exec-2] s.w.s.m.m.a.RequestMappingHandlerMapping : Mapped to com.project.task_manager.controller.UserController#getAllRoles()
2026-01-11T13:54:07.459+05:30 DEBUG 22876 --- [task-management-system] [http-nio-8080-exec-2] o.s.w.s.m.m.a.HttpEntityMethodProcessor  : Using 'application/json', given [application/json, text/plain, */*] and supported [application/json, application/*+json]
2026-01-11T13:54:07.462+05:30 DEBUG 22876 --- [task-management-system] [http-nio-8080-exec-2] o.s.w.s.m.m.a.HttpEntityMethodProcessor  : Writing [[RoleResponse(id=1, name=ADMIN, description=Administrator with full system access, createdAt=2025-12 (truncated)...]
2026-01-11T13:54:07.499+05:30 DEBUG 22876 --- [task-management-system] [http-nio-8080-exec-2] o.s.web.servlet.DispatcherServlet        : Completed 200 OK
2026-01-11T13:54:11.351+05:30 DEBUG 22876 --- [task-management-system] [http-nio-8080-exec-5] o.s.web.servlet.DispatcherServlet        : PUT "/api/users/6", parameters={}
2026-01-11T13:54:11.351+05:30 DEBUG 22876 --- [task-management-system] [http-nio-8080-exec-5] s.w.s.m.m.a.RequestMappingHandlerMapping : Mapped to com.project.task_manager.controller.UserController#updateUser(Long, RegisterRequest)
2026-01-11T13:54:11.386+05:30 DEBUG 22876 --- [task-management-system] [http-nio-8080-exec-5] m.m.a.RequestResponseBodyMethodProcessor : Read "application/json;charset=UTF-8" to [com.project.task_manager.dto.request.RegisterRequest@330c9cdb]
2026-01-11T13:54:11.435+05:30 DEBUG 22876 --- [task-management-system] [http-nio-8080-exec-5] .m.m.a.ExceptionHandlerExceptionResolver : Using @ExceptionHandler com.project.task_manager.exception.GlobalExceptionHandler#handleValidationExceptions(MethodArgumentNotValidException)
2026-01-11T13:54:11.438+05:30 DEBUG 22876 --- [task-management-system] [http-nio-8080-exec-5] o.s.w.s.m.m.a.HttpEntityMethodProcessor  : Using 'application/json', given [application/json, text/plain, */*] and supported [application/json, application/*+json]
2026-01-11T13:54:11.438+05:30 DEBUG 22876 --- [task-management-system] [http-nio-8080-exec-5] o.s.w.s.m.m.a.HttpEntityMethodProcessor  : Writing [{password=Password is required}]
2026-01-11T13:54:11.441+05:30  WARN 22876 --- [task-management-system] [http-nio-8080-exec-5] .m.m.a.ExceptionHandlerExceptionResolver : Resolved [org.springframework.web.bind.MethodArgumentNotValidException: Validation failed for argument [1] in public void com.project.task_manager.controller.UserController.updateUser(java.lang.Long,com.project.task_manager.dto.request.RegisterRequest): [Field error in object 'registerRequest' on field 'password': rejected value [null]; codes [NotBlank.registerRequest.password,NotBlank.password,NotBlank.java.lang.String,NotBlank]; arguments [org.springframework.context.support.DefaultMessageSourceResolvable: codes [registerRequest.password,password]; arguments []; default message [password]]; default message [Password is required]] ]
2026-01-11T13:54:11.442+05:30 DEBUG 22876 --- [task-management-system] [http-nio-8080-exec-5] o.s.web.servlet.DispatcherServlet        : Completed 400 BAD_REQUEST
2026-01-11T14:00:29.136+05:30 DEBUG 22876 --- [task-management-system] [http-nio-8080-exec-3] o.s.web.servlet.DispatcherServlet        : GET "/api/users", parameters={}
2026-01-11T14:00:29.144+05:30 DEBUG 22876 --- [task-management-system] [http-nio-8080-exec-3] s.w.s.m.m.a.RequestMappingHandlerMapping : Mapped to com.project.task_manager.controller.UserController#getAllUsers()
2026-01-11T14:00:29.273+05:30 DEBUG 22876 --- [task-management-system] [http-nio-8080-exec-3] o.s.w.s.m.m.a.HttpEntityMethodProcessor  : Using 'application/json', given [application/json, text/plain, */*] and supported [application/json, application/*+json]
2026-01-11T14:00:29.274+05:30 DEBUG 22876 --- [task-management-system] [http-nio-8080-exec-3] o.s.w.s.m.m.a.HttpEntityMethodProcessor  : Writing [[com.project.task_manager.dto.response.UserResponse@283cf809, com.project.task_manager.dto.response. (truncated)...]
2026-01-11T14:00:29.299+05:30 DEBUG 22876 --- [task-management-system] [http-nio-8080-exec-3] o.s.web.servlet.DispatcherServlet        : Completed 200 OK
2026-01-11T14:00:59.653+05:30 DEBUG 22876 --- [task-management-system] [http-nio-8080-exec-8] o.s.web.servlet.DispatcherServlet        : GET "/api/users", parameters={}
2026-01-11T14:00:59.654+05:30 DEBUG 22876 --- [task-management-system] [http-nio-8080-exec-8] s.w.s.m.m.a.RequestMappingHandlerMapping : Mapped to com.project.task_manager.controller.UserController#getAllUsers()
2026-01-11T14:00:59.689+05:30 DEBUG 22876 --- [task-management-system] [http-nio-8080-exec-8] o.s.w.s.m.m.a.HttpEntityMethodProcessor  : Using 'application/json', given [application/json, text/plain, */*] and supported [application/json, application/*+json]
2026-01-11T14:00:59.689+05:30 DEBUG 22876 --- [task-management-system] [http-nio-8080-exec-8] o.s.w.s.m.m.a.HttpEntityMethodProcessor  : Writing [[com.project.task_manager.dto.response.UserResponse@19b5c5cb, com.project.task_manager.dto.response. (truncated)...]
2026-01-11T14:00:59.691+05:30 DEBUG 22876 --- [task-management-system] [http-nio-8080-exec-8] o.s.web.servlet.DispatcherServlet        : Completed 200 OK
2026-01-11T14:01:10.454+05:30 DEBUG 22876 --- [task-management-system] [http-nio-8080-exec-10] o.s.web.servlet.DispatcherServlet        : GET "/api/users/roles", parameters={}
2026-01-11T14:01:10.454+05:30 DEBUG 22876 --- [task-management-system] [http-nio-8080-exec-10] s.w.s.m.m.a.RequestMappingHandlerMapping : Mapped to com.project.task_manager.controller.UserController#getAllRoles()
2026-01-11T14:01:10.466+05:30 DEBUG 22876 --- [task-management-system] [http-nio-8080-exec-10] o.s.w.s.m.m.a.HttpEntityMethodProcessor  : Using 'application/json', given [application/json, text/plain, */*] and supported [application/json, application/*+json]
2026-01-11T14:01:10.467+05:30 DEBUG 22876 --- [task-management-system] [http-nio-8080-exec-10] o.s.w.s.m.m.a.HttpEntityMethodProcessor  : Writing [[RoleResponse(id=1, name=ADMIN, description=Administrator with full system access, createdAt=2025-12 (truncated)...]
2026-01-11T14:01:10.471+05:30 DEBUG 22876 --- [task-management-system] [http-nio-8080-exec-10] o.s.web.servlet.DispatcherServlet        : Completed 200 OK
2026-01-11T14:01:26.023+05:30 DEBUG 22876 --- [task-management-system] [http-nio-8080-exec-2] o.s.web.servlet.DispatcherServlet        : PUT "/api/users/6", parameters={}
2026-01-11T14:01:26.024+05:30 DEBUG 22876 --- [task-management-system] [http-nio-8080-exec-2] s.w.s.m.m.a.RequestMappingHandlerMapping : Mapped to com.project.task_manager.controller.UserController#updateUser(Long, RegisterRequest)
2026-01-11T14:01:26.028+05:30 DEBUG 22876 --- [task-management-system] [http-nio-8080-exec-2] m.m.a.RequestResponseBodyMethodProcessor : Read "application/json;charset=UTF-8" to [com.project.task_manager.dto.request.RegisterRequest@5bbcc1d3]
2026-01-11T14:01:26.036+05:30 DEBUG 22876 --- [task-management-system] [http-nio-8080-exec-2] .m.m.a.ExceptionHandlerExceptionResolver : Using @ExceptionHandler com.project.task_manager.exception.GlobalExceptionHandler#handleValidationExceptions(MethodArgumentNotValidException)
2026-01-11T14:01:26.037+05:30 DEBUG 22876 --- [task-management-system] [http-nio-8080-exec-2] o.s.w.s.m.m.a.HttpEntityMethodProcessor  : Using 'application/json', given [application/json, text/plain, */*] and supported [application/json, application/*+json]
2026-01-11T14:01:26.037+05:30 DEBUG 22876 --- [task-management-system] [http-nio-8080-exec-2] o.s.w.s.m.m.a.HttpEntityMethodProcessor  : Writing [{password=Password is required}]
2026-01-11T14:01:26.038+05:30  WARN 22876 --- [task-management-system] [http-nio-8080-exec-2] .m.m.a.ExceptionHandlerExceptionResolver : Resolved [org.springframework.web.bind.MethodArgumentNotValidException: Validation failed for argument [1] in public void com.project.task_manager.controller.UserController.updateUser(java.lang.Long,com.project.task_manager.dto.request.RegisterRequest): [Field error in object 'registerRequest' on field 'password': rejected value [null]; codes [NotBlank.registerRequest.password,NotBlank.password,NotBlank.java.lang.String,NotBlank]; arguments [org.springframework.context.support.DefaultMessageSourceResolvable: codes [registerRequest.password,password]; arguments []; default message [password]]; default message [Password is required]] ]
2026-01-11T14:01:26.039+05:30 DEBUG 22876 --- [task-management-system] [http-nio-8080-exec-2] o.s.web.servlet.DispatcherServlet        : Completed 400 BAD_REQUEST
2026-01-11T14:01:39.375+05:30  INFO 22876 --- [task-management-system] [SpringApplicationShutdownHook] j.LocalContainerEntityManagerFactoryBean : Closing JPA EntityManagerFactory for persistence unit 'default'
2026-01-11T14:01:39.401+05:30  INFO 22876 --- [task-management-system] [SpringApplicationShutdownHook] com.zaxxer.hikari.HikariDataSource       : HikariPool-1 - Shutdown initiated...
2026-01-11T14:01:39.439+05:30  INFO 22876 --- [task-management-system] [SpringApplicationShutdownHook] com.zaxxer.hikari.HikariDataSource       : HikariPool-1 - Shutdown completed.
2026-01-11T14:01:47.690+05:30  INFO 20564 --- [task-management-system] [restartedMain] c.p.task_manager.TaskManagerApplication  : Starting TaskManagerApplication using Java 18.0.1 with PID 20564 (D:\My projects\Task manager\Java\target\classes started by adith in D:\My projects\Task manager\Java)
2026-01-11T14:01:47.694+05:30  INFO 20564 --- [task-management-system] [restartedMain] c.p.task_manager.TaskManagerApplication  : No active profile set, falling back to 1 default profile: "default"
2026-01-11T14:01:47.759+05:30  INFO 20564 --- [task-management-system] [restartedMain] .e.DevToolsPropertyDefaultsPostProcessor : Devtools property defaults active! Set 'spring.devtools.add-properties' to 'false' to disable
2026-01-11T14:01:47.759+05:30  INFO 20564 --- [task-management-system] [restartedMain] .e.DevToolsPropertyDefaultsPostProcessor : For additional web related logging consider setting the 'logging.level.web' property to 'DEBUG'
2026-01-11T14:01:49.193+05:30  INFO 20564 --- [task-management-system] [restartedMain] .s.d.r.c.RepositoryConfigurationDelegate : Bootstrapping Spring Data JPA repositories in DEFAULT mode.
2026-01-11T14:01:49.328+05:30  INFO 20564 --- [task-management-system] [restartedMain] .s.d.r.c.RepositoryConfigurationDelegate : Finished Spring Data repository scanning in 119 ms. Found 9 JPA repository interfaces.
2026-01-11T14:01:50.358+05:30  INFO 20564 --- [task-management-system] [restartedMain] o.s.b.w.embedded.tomcat.TomcatWebServer  : Tomcat initialized with port 8080 (http)
2026-01-11T14:01:50.381+05:30  INFO 20564 --- [task-management-system] [restartedMain] o.apache.catalina.core.StandardService   : Starting service [Tomcat]
2026-01-11T14:01:50.382+05:30  INFO 20564 --- [task-management-system] [restartedMain] o.apache.catalina.core.StandardEngine    : Starting Servlet engine: [Apache Tomcat/10.1.25]
2026-01-11T14:01:50.462+05:30  INFO 20564 --- [task-management-system] [restartedMain] o.a.c.c.C.[Tomcat].[localhost].[/api]    : Initializing Spring embedded WebApplicationContext
2026-01-11T14:01:50.463+05:30  INFO 20564 --- [task-management-system] [restartedMain] w.s.c.ServletWebServerApplicationContext : Root WebApplicationContext: initialization completed in 2702 ms
2026-01-11T14:01:50.720+05:30  INFO 20564 --- [task-management-system] [restartedMain] o.hibernate.jpa.internal.util.LogHelper  : HHH000204: Processing PersistenceUnitInfo [name: default]
2026-01-11T14:01:50.820+05:30  INFO 20564 --- [task-management-system] [restartedMain] org.hibernate.Version                    : HHH000412: Hibernate ORM core version 6.5.2.Final
2026-01-11T14:01:50.877+05:30  INFO 20564 --- [task-management-system] [restartedMain] o.h.c.internal.RegionFactoryInitiator    : HHH000026: Second-level cache disabled
2026-01-11T14:01:51.271+05:30  INFO 20564 --- [task-management-system] [restartedMain] o.s.o.j.p.SpringPersistenceUnitInfo      : No LoadTimeWeaver setup: ignoring JPA class transformer
2026-01-11T14:01:51.306+05:30  INFO 20564 --- [task-management-system] [restartedMain] com.zaxxer.hikari.HikariDataSource       : HikariPool-1 - Starting...
2026-01-11T14:01:51.501+05:30  INFO 20564 --- [task-management-system] [restartedMain] com.zaxxer.hikari.pool.HikariPool        : HikariPool-1 - Added connection com.mysql.cj.jdbc.ConnectionImpl@791da3fa
2026-01-11T14:01:51.503+05:30  INFO 20564 --- [task-management-system] [restartedMain] com.zaxxer.hikari.HikariDataSource       : HikariPool-1 - Start completed.
2026-01-11T14:01:51.598+05:30  WARN 20564 --- [task-management-system] [restartedMain] org.hibernate.orm.deprecation            : HHH90000025: MySQLDialect does not need to be specified explicitly using 'hibernate.dialect' (remove the property setting and it will be selected by default)
2026-01-11T14:01:52.959+05:30  INFO 20564 --- [task-management-system] [restartedMain] o.h.e.t.j.p.i.JtaPlatformInitiator       : HHH000489: No JTA platform available (set 'hibernate.transaction.jta.platform' to enable JTA platform integration)
2026-01-11T14:01:52.964+05:30  INFO 20564 --- [task-management-system] [restartedMain] j.LocalContainerEntityManagerFactoryBean : Initialized JPA EntityManagerFactory for persistence unit 'default'
2026-01-11T14:01:53.411+05:30  INFO 20564 --- [task-management-system] [restartedMain] o.s.d.j.r.query.QueryEnhancerFactory     : Hibernate is in classpath; If applicable, HQL parser will be used.
2026-01-11T14:01:53.986+05:30  INFO 20564 --- [task-management-system] [restartedMain] eAuthenticationProviderManagerConfigurer : Global AuthenticationManager configured with AuthenticationProvider bean with name authenticationProvider
2026-01-11T14:01:53.987+05:30  WARN 20564 --- [task-management-system] [restartedMain] r$InitializeUserDetailsManagerConfigurer : Global AuthenticationManager configured with an AuthenticationProvider bean. UserDetailsService beans will not be used for username/password login. Consider removing the AuthenticationProvider bean. Alternatively, consider using the UserDetailsService in a manually instantiated DaoAuthenticationProvider.
2026-01-11T14:01:54.563+05:30  WARN 20564 --- [task-management-system] [restartedMain] JpaBaseConfiguration$JpaWebConfiguration : spring.jpa.open-in-view is enabled by default. Therefore, database queries may be performed during view rendering. Explicitly configure spring.jpa.open-in-view to disable this warning
2026-01-11T14:01:54.782+05:30 DEBUG 20564 --- [task-management-system] [restartedMain] s.w.s.m.m.a.RequestMappingHandlerMapping : 52 mappings in 'requestMappingHandlerMapping'
2026-01-11T14:01:54.906+05:30 DEBUG 20564 --- [task-management-system] [restartedMain] o.s.w.s.handler.SimpleUrlHandlerMapping  : Patterns [/webjars/**, /**, /swagger-ui*/*swagger-initializer.js, /swagger-ui*/**] in 'resourceHandlerMapping'
2026-01-11T14:01:55.072+05:30 DEBUG 20564 --- [task-management-system] [restartedMain] s.w.s.m.m.a.RequestMappingHandlerAdapter : ControllerAdvice beans: 0 @ModelAttribute, 0 @InitBinder, 1 RequestBodyAdvice, 1 ResponseBodyAdvice
2026-01-11T14:01:55.106+05:30 DEBUG 20564 --- [task-management-system] [restartedMain] .m.m.a.ExceptionHandlerExceptionResolver : ControllerAdvice beans: 2 @ExceptionHandler, 1 ResponseBodyAdvice
2026-01-11T14:01:55.419+05:30  INFO 20564 --- [task-management-system] [restartedMain] o.s.b.d.a.OptionalLiveReloadServer       : LiveReload server is running on port 35729
2026-01-11T14:01:55.471+05:30  INFO 20564 --- [task-management-system] [restartedMain] o.s.b.w.embedded.tomcat.TomcatWebServer  : Tomcat started on port 8080 (http) with context path '/api'
2026-01-11T14:01:55.482+05:30  INFO 20564 --- [task-management-system] [restartedMain] c.p.task_manager.TaskManagerApplication  : Started TaskManagerApplication in 8.376 seconds (process running for 9.138)
2026-01-11T14:02:01.515+05:30  INFO 20564 --- [task-management-system] [http-nio-8080-exec-2] o.a.c.c.C.[Tomcat].[localhost].[/api]    : Initializing Spring DispatcherServlet 'dispatcherServlet'
2026-01-11T14:02:01.515+05:30  INFO 20564 --- [task-management-system] [http-nio-8080-exec-2] o.s.web.servlet.DispatcherServlet        : Initializing Servlet 'dispatcherServlet'
2026-01-11T14:02:01.516+05:30 DEBUG 20564 --- [task-management-system] [http-nio-8080-exec-2] o.s.web.servlet.DispatcherServlet        : Detected StandardServletMultipartResolver
2026-01-11T14:02:01.516+05:30 DEBUG 20564 --- [task-management-system] [http-nio-8080-exec-2] o.s.web.servlet.DispatcherServlet        : Detected AcceptHeaderLocaleResolver
2026-01-11T14:02:01.516+05:30 DEBUG 20564 --- [task-management-system] [http-nio-8080-exec-2] o.s.web.servlet.DispatcherServlet        : Detected FixedThemeResolver
2026-01-11T14:02:01.516+05:30 DEBUG 20564 --- [task-management-system] [http-nio-8080-exec-2] o.s.web.servlet.DispatcherServlet        : Detected org.springframework.web.servlet.view.DefaultRequestToViewNameTranslator@4b80bbe4
2026-01-11T14:02:01.517+05:30 DEBUG 20564 --- [task-management-system] [http-nio-8080-exec-2] o.s.web.servlet.DispatcherServlet        : Detected org.springframework.web.servlet.support.SessionFlashMapManager@24b60aae
2026-01-11T14:02:01.517+05:30 DEBUG 20564 --- [task-management-system] [http-nio-8080-exec-2] o.s.web.servlet.DispatcherServlet        : enableLoggingRequestDetails='false': request parameters and headers will be masked to prevent unsafe logging of potentially sensitive data
2026-01-11T14:02:01.517+05:30  INFO 20564 --- [task-management-system] [http-nio-8080-exec-2] o.s.web.servlet.DispatcherServlet        : Completed initialization in 1 ms
2026-01-11T14:02:01.810+05:30 DEBUG 20564 --- [task-management-system] [http-nio-8080-exec-1] o.s.web.servlet.DispatcherServlet        : PUT "/api/users/6", parameters={}
2026-01-11T14:02:01.816+05:30 DEBUG 20564 --- [task-management-system] [http-nio-8080-exec-1] s.w.s.m.m.a.RequestMappingHandlerMapping : Mapped to com.project.task_manager.controller.UserController#updateUser(Long, RegisterRequest)
2026-01-11T14:02:01.877+05:30 DEBUG 20564 --- [task-management-system] [http-nio-8080-exec-1] m.m.a.RequestResponseBodyMethodProcessor : Read "application/json;charset=UTF-8" to [com.project.task_manager.dto.request.RegisterRequest@14505742]
2026-01-11T14:02:02.120+05:30 DEBUG 20564 --- [task-management-system] [http-nio-8080-exec-1] .m.m.a.ExceptionHandlerExceptionResolver : Using @ExceptionHandler com.project.task_manager.exception.GlobalExceptionHandler#handleBadRequestException(BadRequestException)
2026-01-11T14:02:02.135+05:30 DEBUG 20564 --- [task-management-system] [http-nio-8080-exec-1] o.s.w.s.m.m.a.HttpEntityMethodProcessor  : Using 'application/json', given [application/json, text/plain, */*] and supported [application/json, application/*+json]
2026-01-11T14:02:02.137+05:30 DEBUG 20564 --- [task-management-system] [http-nio-8080-exec-1] o.s.w.s.m.m.a.HttpEntityMethodProcessor  : Writing [com.project.task_manager.dto.response.MessageResponse@f77dc3b]
2026-01-11T14:02:02.143+05:30  WARN 20564 --- [task-management-system] [http-nio-8080-exec-1] .m.m.a.ExceptionHandlerExceptionResolver : Resolved [com.project.task_manager.exception.BadRequestException: Username already exists]
2026-01-11T14:02:02.146+05:30 DEBUG 20564 --- [task-management-system] [http-nio-8080-exec-1] o.s.web.servlet.DispatcherServlet        : Completed 400 BAD_REQUEST
2026-01-11T14:02:29.492+05:30  INFO 20564 --- [task-management-system] [SpringApplicationShutdownHook] j.LocalContainerEntityManagerFactoryBean : Closing JPA EntityManagerFactory for persistence unit 'default'
2026-01-11T14:02:29.496+05:30  INFO 20564 --- [task-management-system] [SpringApplicationShutdownHook] com.zaxxer.hikari.HikariDataSource       : HikariPool-1 - Shutdown initiated...
2026-01-11T14:02:29.502+05:30  INFO 20564 --- [task-management-system] [SpringApplicationShutdownHook] com.zaxxer.hikari.HikariDataSource       : HikariPool-1 - Shutdown completed.
2026-01-11T14:02:33.981+05:30  INFO 18024 --- [task-management-system] [restartedMain] c.p.task_manager.TaskManagerApplication  : Starting TaskManagerApplication using Java 18.0.1 with PID 18024 (D:\My projects\Task manager\Java\target\classes started by adith in D:\My projects\Task manager\Java)
2026-01-11T14:02:33.985+05:30  INFO 18024 --- [task-management-system] [restartedMain] c.p.task_manager.TaskManagerApplication  : No active profile set, falling back to 1 default profile: "default"
2026-01-11T14:02:34.048+05:30  INFO 18024 --- [task-management-system] [restartedMain] .e.DevToolsPropertyDefaultsPostProcessor : Devtools property defaults active! Set 'spring.devtools.add-properties' to 'false' to disable
2026-01-11T14:02:34.049+05:30  INFO 18024 --- [task-management-system] [restartedMain] .e.DevToolsPropertyDefaultsPostProcessor : For additional web related logging consider setting the 'logging.level.web' property to 'DEBUG'
2026-01-11T14:02:35.267+05:30  INFO 18024 --- [task-management-system] [restartedMain] .s.d.r.c.RepositoryConfigurationDelegate : Bootstrapping Spring Data JPA repositories in DEFAULT mode.
2026-01-11T14:02:35.395+05:30  INFO 18024 --- [task-management-system] [restartedMain] .s.d.r.c.RepositoryConfigurationDelegate : Finished Spring Data repository scanning in 113 ms. Found 9 JPA repository interfaces.
2026-01-11T14:02:36.267+05:30  INFO 18024 --- [task-management-system] [restartedMain] o.s.b.w.embedded.tomcat.TomcatWebServer  : Tomcat initialized with port 8080 (http)
2026-01-11T14:02:36.288+05:30  INFO 18024 --- [task-management-system] [restartedMain] o.apache.catalina.core.StandardService   : Starting service [Tomcat]
2026-01-11T14:02:36.289+05:30  INFO 18024 --- [task-management-system] [restartedMain] o.apache.catalina.core.StandardEngine    : Starting Servlet engine: [Apache Tomcat/10.1.25]
2026-01-11T14:02:36.359+05:30  INFO 18024 --- [task-management-system] [restartedMain] o.a.c.c.C.[Tomcat].[localhost].[/api]    : Initializing Spring embedded WebApplicationContext
2026-01-11T14:02:36.360+05:30  INFO 18024 --- [task-management-system] [restartedMain] w.s.c.ServletWebServerApplicationContext : Root WebApplicationContext: initialization completed in 2309 ms
2026-01-11T14:02:36.577+05:30  INFO 18024 --- [task-management-system] [restartedMain] o.hibernate.jpa.internal.util.LogHelper  : HHH000204: Processing PersistenceUnitInfo [name: default]
2026-01-11T14:02:36.641+05:30  INFO 18024 --- [task-management-system] [restartedMain] org.hibernate.Version                    : HHH000412: Hibernate ORM core version 6.5.2.Final
2026-01-11T14:02:36.676+05:30  INFO 18024 --- [task-management-system] [restartedMain] o.h.c.internal.RegionFactoryInitiator    : HHH000026: Second-level cache disabled
2026-01-11T14:02:37.009+05:30  INFO 18024 --- [task-management-system] [restartedMain] o.s.o.j.p.SpringPersistenceUnitInfo      : No LoadTimeWeaver setup: ignoring JPA class transformer
2026-01-11T14:02:37.034+05:30  INFO 18024 --- [task-management-system] [restartedMain] com.zaxxer.hikari.HikariDataSource       : HikariPool-1 - Starting...
2026-01-11T14:02:37.195+05:30  INFO 18024 --- [task-management-system] [restartedMain] com.zaxxer.hikari.pool.HikariPool        : HikariPool-1 - Added connection com.mysql.cj.jdbc.ConnectionImpl@7cf46ccb
2026-01-11T14:02:37.198+05:30  INFO 18024 --- [task-management-system] [restartedMain] com.zaxxer.hikari.HikariDataSource       : HikariPool-1 - Start completed.
2026-01-11T14:02:37.246+05:30  WARN 18024 --- [task-management-system] [restartedMain] org.hibernate.orm.deprecation            : HHH90000025: MySQLDialect does not need to be specified explicitly using 'hibernate.dialect' (remove the property setting and it will be selected by default)
2026-01-11T14:02:38.511+05:30  INFO 18024 --- [task-management-system] [restartedMain] o.h.e.t.j.p.i.JtaPlatformInitiator       : HHH000489: No JTA platform available (set 'hibernate.transaction.jta.platform' to enable JTA platform integration)
2026-01-11T14:02:38.514+05:30  INFO 18024 --- [task-management-system] [restartedMain] j.LocalContainerEntityManagerFactoryBean : Initialized JPA EntityManagerFactory for persistence unit 'default'
2026-01-11T14:02:38.897+05:30  INFO 18024 --- [task-management-system] [restartedMain] o.s.d.j.r.query.QueryEnhancerFactory     : Hibernate is in classpath; If applicable, HQL parser will be used.
2026-01-11T14:02:39.412+05:30  INFO 18024 --- [task-management-system] [restartedMain] eAuthenticationProviderManagerConfigurer : Global AuthenticationManager configured with AuthenticationProvider bean with name authenticationProvider
2026-01-11T14:02:39.413+05:30  WARN 18024 --- [task-management-system] [restartedMain] r$InitializeUserDetailsManagerConfigurer : Global AuthenticationManager configured with an AuthenticationProvider bean. UserDetailsService beans will not be used for username/password login. Consider removing the AuthenticationProvider bean. Alternatively, consider using the UserDetailsService in a manually instantiated DaoAuthenticationProvider.
2026-01-11T14:02:39.977+05:30  WARN 18024 --- [task-management-system] [restartedMain] JpaBaseConfiguration$JpaWebConfiguration : spring.jpa.open-in-view is enabled by default. Therefore, database queries may be performed during view rendering. Explicitly configure spring.jpa.open-in-view to disable this warning
2026-01-11T14:02:40.166+05:30 DEBUG 18024 --- [task-management-system] [restartedMain] s.w.s.m.m.a.RequestMappingHandlerMapping : 52 mappings in 'requestMappingHandlerMapping'
2026-01-11T14:02:40.284+05:30 DEBUG 18024 --- [task-management-system] [restartedMain] o.s.w.s.handler.SimpleUrlHandlerMapping  : Patterns [/webjars/**, /**, /swagger-ui*/*swagger-initializer.js, /swagger-ui*/**] in 'resourceHandlerMapping'
2026-01-11T14:02:40.402+05:30 DEBUG 18024 --- [task-management-system] [restartedMain] s.w.s.m.m.a.RequestMappingHandlerAdapter : ControllerAdvice beans: 0 @ModelAttribute, 0 @InitBinder, 1 RequestBodyAdvice, 1 ResponseBodyAdvice
2026-01-11T14:02:40.432+05:30 DEBUG 18024 --- [task-management-system] [restartedMain] .m.m.a.ExceptionHandlerExceptionResolver : ControllerAdvice beans: 2 @ExceptionHandler, 1 ResponseBodyAdvice
2026-01-11T14:02:40.716+05:30  INFO 18024 --- [task-management-system] [restartedMain] o.s.b.d.a.OptionalLiveReloadServer       : LiveReload server is running on port 35729
2026-01-11T14:02:40.764+05:30  INFO 18024 --- [task-management-system] [restartedMain] o.s.b.w.embedded.tomcat.TomcatWebServer  : Tomcat started on port 8080 (http) with context path '/api'
2026-01-11T14:02:40.776+05:30  INFO 18024 --- [task-management-system] [restartedMain] c.p.task_manager.TaskManagerApplication  : Started TaskManagerApplication in 7.304 seconds (process running for 7.897)
2026-01-11T14:02:46.300+05:30  INFO 18024 --- [task-management-system] [http-nio-8080-exec-1] o.a.c.c.C.[Tomcat].[localhost].[/api]    : Initializing Spring DispatcherServlet 'dispatcherServlet'
2026-01-11T14:02:46.301+05:30  INFO 18024 --- [task-management-system] [http-nio-8080-exec-1] o.s.web.servlet.DispatcherServlet        : Initializing Servlet 'dispatcherServlet'
2026-01-11T14:02:46.302+05:30 DEBUG 18024 --- [task-management-system] [http-nio-8080-exec-1] o.s.web.servlet.DispatcherServlet        : Detected StandardServletMultipartResolver
2026-01-11T14:02:46.302+05:30 DEBUG 18024 --- [task-management-system] [http-nio-8080-exec-1] o.s.web.servlet.DispatcherServlet        : Detected AcceptHeaderLocaleResolver
2026-01-11T14:02:46.303+05:30 DEBUG 18024 --- [task-management-system] [http-nio-8080-exec-1] o.s.web.servlet.DispatcherServlet        : Detected FixedThemeResolver
2026-01-11T14:02:46.304+05:30 DEBUG 18024 --- [task-management-system] [http-nio-8080-exec-1] o.s.web.servlet.DispatcherServlet        : Detected org.springframework.web.servlet.view.DefaultRequestToViewNameTranslator@239172ab
2026-01-11T14:02:46.305+05:30 DEBUG 18024 --- [task-management-system] [http-nio-8080-exec-1] o.s.web.servlet.DispatcherServlet        : Detected org.springframework.web.servlet.support.SessionFlashMapManager@17cd0f1a
2026-01-11T14:02:46.305+05:30 DEBUG 18024 --- [task-management-system] [http-nio-8080-exec-1] o.s.web.servlet.DispatcherServlet        : enableLoggingRequestDetails='false': request parameters and headers will be masked to prevent unsafe logging of potentially sensitive data
2026-01-11T14:02:46.306+05:30  INFO 18024 --- [task-management-system] [http-nio-8080-exec-1] o.s.web.servlet.DispatcherServlet        : Completed initialization in 5 ms
2026-01-11T14:02:46.590+05:30 DEBUG 18024 --- [task-management-system] [http-nio-8080-exec-2] o.s.web.servlet.DispatcherServlet        : PUT "/api/users/6", parameters={}
2026-01-11T14:02:46.594+05:30 DEBUG 18024 --- [task-management-system] [http-nio-8080-exec-2] s.w.s.m.m.a.RequestMappingHandlerMapping : Mapped to com.project.task_manager.controller.UserController#updateUser(Long, RegisterRequest)
2026-01-11T14:02:46.645+05:30 DEBUG 18024 --- [task-management-system] [http-nio-8080-exec-2] m.m.a.RequestResponseBodyMethodProcessor : Read "application/json;charset=UTF-8" to [com.project.task_manager.dto.request.RegisterRequest@52da894b]
2026-01-11T14:02:46.808+05:30 DEBUG 18024 --- [task-management-system] [http-nio-8080-exec-2] m.m.a.RequestResponseBodyMethodProcessor : Using 'application/json', given [application/json, text/plain, */*] and supported [application/json, application/*+json]
2026-01-11T14:02:46.809+05:30 DEBUG 18024 --- [task-management-system] [http-nio-8080-exec-2] m.m.a.RequestResponseBodyMethodProcessor : Nothing to write: null body
2026-01-11T14:02:46.811+05:30 DEBUG 18024 --- [task-management-system] [http-nio-8080-exec-2] o.s.web.servlet.DispatcherServlet        : Completed 200 OK
2026-01-11T14:02:46.927+05:30 DEBUG 18024 --- [task-management-system] [http-nio-8080-exec-4] o.s.web.servlet.DispatcherServlet        : GET "/api/users", parameters={}
2026-01-11T14:02:46.927+05:30 DEBUG 18024 --- [task-management-system] [http-nio-8080-exec-4] s.w.s.m.m.a.RequestMappingHandlerMapping : Mapped to com.project.task_manager.controller.UserController#getAllUsers()
2026-01-11T14:02:46.972+05:30 DEBUG 18024 --- [task-management-system] [http-nio-8080-exec-4] o.s.w.s.m.m.a.HttpEntityMethodProcessor  : Using 'application/json', given [application/json, text/plain, */*] and supported [application/json, application/*+json]
2026-01-11T14:02:46.972+05:30 DEBUG 18024 --- [task-management-system] [http-nio-8080-exec-4] o.s.w.s.m.m.a.HttpEntityMethodProcessor  : Writing [[com.project.task_manager.dto.response.UserResponse@6f88ab7c, com.project.task_manager.dto.response. (truncated)...]
2026-01-11T14:02:46.991+05:30 DEBUG 18024 --- [task-management-system] [http-nio-8080-exec-4] o.s.web.servlet.DispatcherServlet        : Completed 200 OK
2026-01-11T14:02:48.857+05:30 DEBUG 18024 --- [task-management-system] [http-nio-8080-exec-6] o.s.web.servlet.DispatcherServlet        : GET "/api/users/roles", parameters={}
2026-01-11T14:02:48.857+05:30 DEBUG 18024 --- [task-management-system] [http-nio-8080-exec-6] s.w.s.m.m.a.RequestMappingHandlerMapping : Mapped to com.project.task_manager.controller.UserController#getAllRoles()
2026-01-11T14:02:48.879+05:30 DEBUG 18024 --- [task-management-system] [http-nio-8080-exec-6] o.s.w.s.m.m.a.HttpEntityMethodProcessor  : Using 'application/json', given [application/json, text/plain, */*] and supported [application/json, application/*+json]
2026-01-11T14:02:48.880+05:30 DEBUG 18024 --- [task-management-system] [http-nio-8080-exec-6] o.s.w.s.m.m.a.HttpEntityMethodProcessor  : Writing [[RoleResponse(id=1, name=ADMIN, description=Administrator with full system access, createdAt=2025-12 (truncated)...]
2026-01-11T14:02:48.882+05:30 DEBUG 18024 --- [task-management-system] [http-nio-8080-exec-6] o.s.web.servlet.DispatcherServlet        : Completed 200 OK
2026-01-11T14:02:52.787+05:30 DEBUG 18024 --- [task-management-system] [http-nio-8080-exec-8] o.s.web.servlet.DispatcherServlet        : PUT "/api/users/6", parameters={}
2026-01-11T14:02:52.787+05:30 DEBUG 18024 --- [task-management-system] [http-nio-8080-exec-8] s.w.s.m.m.a.RequestMappingHandlerMapping : Mapped to com.project.task_manager.controller.UserController#updateUser(Long, RegisterRequest)
2026-01-11T14:02:52.788+05:30 DEBUG 18024 --- [task-management-system] [http-nio-8080-exec-8] m.m.a.RequestResponseBodyMethodProcessor : Read "application/json;charset=UTF-8" to [com.project.task_manager.dto.request.RegisterRequest@4e826f3]
2026-01-11T14:02:52.807+05:30 DEBUG 18024 --- [task-management-system] [http-nio-8080-exec-8] m.m.a.RequestResponseBodyMethodProcessor : Using 'application/json', given [application/json, text/plain, */*] and supported [application/json, application/*+json]
2026-01-11T14:02:52.807+05:30 DEBUG 18024 --- [task-management-system] [http-nio-8080-exec-8] m.m.a.RequestResponseBodyMethodProcessor : Nothing to write: null body
2026-01-11T14:02:52.807+05:30 DEBUG 18024 --- [task-management-system] [http-nio-8080-exec-8] o.s.web.servlet.DispatcherServlet        : Completed 200 OK
2026-01-11T14:02:52.918+05:30 DEBUG 18024 --- [task-management-system] [http-nio-8080-exec-1] o.s.web.servlet.DispatcherServlet        : GET "/api/users", parameters={}
2026-01-11T14:02:52.918+05:30 DEBUG 18024 --- [task-management-system] [http-nio-8080-exec-1] s.w.s.m.m.a.RequestMappingHandlerMapping : Mapped to com.project.task_manager.controller.UserController#getAllUsers()
2026-01-11T14:02:52.933+05:30 DEBUG 18024 --- [task-management-system] [http-nio-8080-exec-1] o.s.w.s.m.m.a.HttpEntityMethodProcessor  : Using 'application/json', given [application/json, text/plain, */*] and supported [application/json, application/*+json]
2026-01-11T14:02:52.933+05:30 DEBUG 18024 --- [task-management-system] [http-nio-8080-exec-1] o.s.w.s.m.m.a.HttpEntityMethodProcessor  : Writing [[com.project.task_manager.dto.response.UserResponse@47dc6d73, com.project.task_manager.dto.response. (truncated)...]
2026-01-11T14:02:52.934+05:30 DEBUG 18024 --- [task-management-system] [http-nio-8080-exec-1] o.s.web.servlet.DispatcherServlet        : Completed 200 OK
2026-01-11T14:02:55.622+05:30 DEBUG 18024 --- [task-management-system] [http-nio-8080-exec-2] o.s.web.servlet.DispatcherServlet        : GET "/api/users", parameters={}
2026-01-11T14:02:55.623+05:30 DEBUG 18024 --- [task-management-system] [http-nio-8080-exec-2] s.w.s.m.m.a.RequestMappingHandlerMapping : Mapped to com.project.task_manager.controller.UserController#getAllUsers()
2026-01-11T14:02:55.642+05:30 DEBUG 18024 --- [task-management-system] [http-nio-8080-exec-2] o.s.w.s.m.m.a.HttpEntityMethodProcessor  : Using 'application/json', given [application/json, text/plain, */*] and supported [application/json, application/*+json]
2026-01-11T14:02:55.642+05:30 DEBUG 18024 --- [task-management-system] [http-nio-8080-exec-2] o.s.w.s.m.m.a.HttpEntityMethodProcessor  : Writing [[com.project.task_manager.dto.response.UserResponse@1d8f581b, com.project.task_manager.dto.response. (truncated)...]
2026-01-11T14:02:55.645+05:30 DEBUG 18024 --- [task-management-system] [http-nio-8080-exec-2] o.s.web.servlet.DispatcherServlet        : Completed 200 OK
2026-01-11T14:02:57.871+05:30 DEBUG 18024 --- [task-management-system] [http-nio-8080-exec-4] o.s.web.servlet.DispatcherServlet        : GET "/api/users/roles", parameters={}
2026-01-11T14:02:57.871+05:30 DEBUG 18024 --- [task-management-system] [http-nio-8080-exec-4] s.w.s.m.m.a.RequestMappingHandlerMapping : Mapped to com.project.task_manager.controller.UserController#getAllRoles()
2026-01-11T14:02:57.876+05:30 DEBUG 18024 --- [task-management-system] [http-nio-8080-exec-4] o.s.w.s.m.m.a.HttpEntityMethodProcessor  : Using 'application/json', given [application/json, text/plain, */*] and supported [application/json, application/*+json]
2026-01-11T14:02:57.876+05:30 DEBUG 18024 --- [task-management-system] [http-nio-8080-exec-4] o.s.w.s.m.m.a.HttpEntityMethodProcessor  : Writing [[RoleResponse(id=1, name=ADMIN, description=Administrator with full system access, createdAt=2025-12 (truncated)...]
2026-01-11T14:02:57.878+05:30 DEBUG 18024 --- [task-management-system] [http-nio-8080-exec-4] o.s.web.servlet.DispatcherServlet        : Completed 200 OK
2026-01-11T14:03:04.273+05:30 DEBUG 18024 --- [task-management-system] [http-nio-8080-exec-7] o.s.web.servlet.DispatcherServlet        : PUT "/api/users/6", parameters={}
2026-01-11T14:03:04.273+05:30 DEBUG 18024 --- [task-management-system] [http-nio-8080-exec-7] s.w.s.m.m.a.RequestMappingHandlerMapping : Mapped to com.project.task_manager.controller.UserController#updateUser(Long, RegisterRequest)
2026-01-11T14:03:04.275+05:30 DEBUG 18024 --- [task-management-system] [http-nio-8080-exec-7] m.m.a.RequestResponseBodyMethodProcessor : Read "application/json;charset=UTF-8" to [com.project.task_manager.dto.request.RegisterRequest@9b93cb2]
2026-01-11T14:03:04.294+05:30 DEBUG 18024 --- [task-management-system] [http-nio-8080-exec-7] m.m.a.RequestResponseBodyMethodProcessor : Using 'application/json', given [application/json, text/plain, */*] and supported [application/json, application/*+json]
2026-01-11T14:03:04.295+05:30 DEBUG 18024 --- [task-management-system] [http-nio-8080-exec-7] m.m.a.RequestResponseBodyMethodProcessor : Nothing to write: null body
2026-01-11T14:03:04.295+05:30 DEBUG 18024 --- [task-management-system] [http-nio-8080-exec-7] o.s.web.servlet.DispatcherServlet        : Completed 200 OK
2026-01-11T14:03:04.400+05:30 DEBUG 18024 --- [task-management-system] [http-nio-8080-exec-9] o.s.web.servlet.DispatcherServlet        : GET "/api/users", parameters={}
2026-01-11T14:03:04.401+05:30 DEBUG 18024 --- [task-management-system] [http-nio-8080-exec-9] s.w.s.m.m.a.RequestMappingHandlerMapping : Mapped to com.project.task_manager.controller.UserController#getAllUsers()
2026-01-11T14:03:04.417+05:30 DEBUG 18024 --- [task-management-system] [http-nio-8080-exec-9] o.s.w.s.m.m.a.HttpEntityMethodProcessor  : Using 'application/json', given [application/json, text/plain, */*] and supported [application/json, application/*+json]
2026-01-11T14:03:04.417+05:30 DEBUG 18024 --- [task-management-system] [http-nio-8080-exec-9] o.s.w.s.m.m.a.HttpEntityMethodProcessor  : Writing [[com.project.task_manager.dto.response.UserResponse@315f4360, com.project.task_manager.dto.response. (truncated)...]
2026-01-11T14:03:04.418+05:30 DEBUG 18024 --- [task-management-system] [http-nio-8080-exec-9] o.s.web.servlet.DispatcherServlet        : Completed 200 OK
2026-01-11T14:03:06.175+05:30 DEBUG 18024 --- [task-management-system] [http-nio-8080-exec-10] o.s.web.servlet.DispatcherServlet        : GET "/api/users", parameters={}
2026-01-11T14:03:06.176+05:30 DEBUG 18024 --- [task-management-system] [http-nio-8080-exec-10] s.w.s.m.m.a.RequestMappingHandlerMapping : Mapped to com.project.task_manager.controller.UserController#getAllUsers()
2026-01-11T14:03:06.189+05:30 DEBUG 18024 --- [task-management-system] [http-nio-8080-exec-10] o.s.w.s.m.m.a.HttpEntityMethodProcessor  : Using 'application/json', given [application/json, text/plain, */*] and supported [application/json, application/*+json]
2026-01-11T14:03:06.189+05:30 DEBUG 18024 --- [task-management-system] [http-nio-8080-exec-10] o.s.w.s.m.m.a.HttpEntityMethodProcessor  : Writing [[com.project.task_manager.dto.response.UserResponse@349eb933, com.project.task_manager.dto.response. (truncated)...]
2026-01-11T14:03:06.190+05:30 DEBUG 18024 --- [task-management-system] [http-nio-8080-exec-10] o.s.web.servlet.DispatcherServlet        : Completed 200 OK
2026-01-11T14:03:26.298+05:30 DEBUG 18024 --- [task-management-system] [http-nio-8080-exec-3] o.s.web.servlet.DispatcherServlet        : GET "/api/users", parameters={}
2026-01-11T14:03:26.299+05:30 DEBUG 18024 --- [task-management-system] [http-nio-8080-exec-3] s.w.s.m.m.a.RequestMappingHandlerMapping : Mapped to com.project.task_manager.controller.UserController#getAllUsers()
2026-01-11T14:03:26.320+05:30 DEBUG 18024 --- [task-management-system] [http-nio-8080-exec-3] o.s.w.s.m.m.a.HttpEntityMethodProcessor  : Using 'application/json', given [application/json, text/plain, */*] and supported [application/json, application/*+json]
2026-01-11T14:03:26.320+05:30 DEBUG 18024 --- [task-management-system] [http-nio-8080-exec-3] o.s.w.s.m.m.a.HttpEntityMethodProcessor  : Writing [[com.project.task_manager.dto.response.UserResponse@60057074, com.project.task_manager.dto.response. (truncated)...]
2026-01-11T14:03:26.321+05:30 DEBUG 18024 --- [task-management-system] [http-nio-8080-exec-3] o.s.web.servlet.DispatcherServlet        : Completed 200 OK
2026-01-11T14:08:19.520+05:30  INFO 18024 --- [task-management-system] [SpringApplicationShutdownHook] j.LocalContainerEntityManagerFactoryBean : Closing JPA EntityManagerFactory for persistence unit 'default'
2026-01-11T14:08:19.541+05:30  INFO 18024 --- [task-management-system] [SpringApplicationShutdownHook] com.zaxxer.hikari.HikariDataSource       : HikariPool-1 - Shutdown initiated...
2026-01-11T14:08:19.577+05:30  INFO 18024 --- [task-management-system] [SpringApplicationShutdownHook] com.zaxxer.hikari.HikariDataSource       : HikariPool-1 - Shutdown completed.
2026-01-11T14:08:25.858+05:30  INFO 12396 --- [task-management-system] [restartedMain] c.p.task_manager.TaskManagerApplication  : Starting TaskManagerApplication using Java 18.0.1 with PID 12396 (D:\My projects\Task manager\Java\target\classes started by adith in D:\My projects\Task manager\Java)
2026-01-11T14:08:25.862+05:30  INFO 12396 --- [task-management-system] [restartedMain] c.p.task_manager.TaskManagerApplication  : No active profile set, falling back to 1 default profile: "default"
2026-01-11T14:08:25.927+05:30  INFO 12396 --- [task-management-system] [restartedMain] .e.DevToolsPropertyDefaultsPostProcessor : Devtools property defaults active! Set 'spring.devtools.add-properties' to 'false' to disable
2026-01-11T14:08:25.927+05:30  INFO 12396 --- [task-management-system] [restartedMain] .e.DevToolsPropertyDefaultsPostProcessor : For additional web related logging consider setting the 'logging.level.web' property to 'DEBUG'
2026-01-11T14:08:27.408+05:30  INFO 12396 --- [task-management-system] [restartedMain] .s.d.r.c.RepositoryConfigurationDelegate : Bootstrapping Spring Data JPA repositories in DEFAULT mode.
2026-01-11T14:08:27.539+05:30  INFO 12396 --- [task-management-system] [restartedMain] .s.d.r.c.RepositoryConfigurationDelegate : Finished Spring Data repository scanning in 116 ms. Found 9 JPA repository interfaces.
2026-01-11T14:08:28.578+05:30  INFO 12396 --- [task-management-system] [restartedMain] o.s.b.w.embedded.tomcat.TomcatWebServer  : Tomcat initialized with port 8080 (http)
2026-01-11T14:08:28.601+05:30  INFO 12396 --- [task-management-system] [restartedMain] o.apache.catalina.core.StandardService   : Starting service [Tomcat]
2026-01-11T14:08:28.603+05:30  INFO 12396 --- [task-management-system] [restartedMain] o.apache.catalina.core.StandardEngine    : Starting Servlet engine: [Apache Tomcat/10.1.25]
2026-01-11T14:08:28.692+05:30  INFO 12396 --- [task-management-system] [restartedMain] o.a.c.c.C.[Tomcat].[localhost].[/api]    : Initializing Spring embedded WebApplicationContext
2026-01-11T14:08:28.692+05:30  INFO 12396 --- [task-management-system] [restartedMain] w.s.c.ServletWebServerApplicationContext : Root WebApplicationContext: initialization completed in 2765 ms
2026-01-11T14:08:28.970+05:30  INFO 12396 --- [task-management-system] [restartedMain] o.hibernate.jpa.internal.util.LogHelper  : HHH000204: Processing PersistenceUnitInfo [name: default]
2026-01-11T14:08:29.073+05:30  INFO 12396 --- [task-management-system] [restartedMain] org.hibernate.Version                    : HHH000412: Hibernate ORM core version 6.5.2.Final
2026-01-11T14:08:29.128+05:30  INFO 12396 --- [task-management-system] [restartedMain] o.h.c.internal.RegionFactoryInitiator    : HHH000026: Second-level cache disabled
2026-01-11T14:08:29.525+05:30  INFO 12396 --- [task-management-system] [restartedMain] o.s.o.j.p.SpringPersistenceUnitInfo      : No LoadTimeWeaver setup: ignoring JPA class transformer
2026-01-11T14:08:29.554+05:30  INFO 12396 --- [task-management-system] [restartedMain] com.zaxxer.hikari.HikariDataSource       : HikariPool-1 - Starting...
2026-01-11T14:08:29.727+05:30  INFO 12396 --- [task-management-system] [restartedMain] com.zaxxer.hikari.pool.HikariPool        : HikariPool-1 - Added connection com.mysql.cj.jdbc.ConnectionImpl@5532d4e2
2026-01-11T14:08:29.728+05:30  INFO 12396 --- [task-management-system] [restartedMain] com.zaxxer.hikari.HikariDataSource       : HikariPool-1 - Start completed.
2026-01-11T14:08:29.814+05:30  WARN 12396 --- [task-management-system] [restartedMain] org.hibernate.orm.deprecation            : HHH90000025: MySQLDialect does not need to be specified explicitly using 'hibernate.dialect' (remove the property setting and it will be selected by default)
2026-01-11T14:08:31.160+05:30  INFO 12396 --- [task-management-system] [restartedMain] o.h.e.t.j.p.i.JtaPlatformInitiator       : HHH000489: No JTA platform available (set 'hibernate.transaction.jta.platform' to enable JTA platform integration)
2026-01-11T14:08:31.163+05:30  INFO 12396 --- [task-management-system] [restartedMain] j.LocalContainerEntityManagerFactoryBean : Initialized JPA EntityManagerFactory for persistence unit 'default'
2026-01-11T14:08:31.576+05:30  INFO 12396 --- [task-management-system] [restartedMain] o.s.d.j.r.query.QueryEnhancerFactory     : Hibernate is in classpath; If applicable, HQL parser will be used.
2026-01-11T14:08:32.123+05:30  INFO 12396 --- [task-management-system] [restartedMain] eAuthenticationProviderManagerConfigurer : Global AuthenticationManager configured with AuthenticationProvider bean with name authenticationProvider
2026-01-11T14:08:32.124+05:30  WARN 12396 --- [task-management-system] [restartedMain] r$InitializeUserDetailsManagerConfigurer : Global AuthenticationManager configured with an AuthenticationProvider bean. UserDetailsService beans will not be used for username/password login. Consider removing the AuthenticationProvider bean. Alternatively, consider using the UserDetailsService in a manually instantiated DaoAuthenticationProvider.
2026-01-11T14:08:32.701+05:30  WARN 12396 --- [task-management-system] [restartedMain] JpaBaseConfiguration$JpaWebConfiguration : spring.jpa.open-in-view is enabled by default. Therefore, database queries may be performed during view rendering. Explicitly configure spring.jpa.open-in-view to disable this warning
2026-01-11T14:08:32.929+05:30 DEBUG 12396 --- [task-management-system] [restartedMain] s.w.s.m.m.a.RequestMappingHandlerMapping : 53 mappings in 'requestMappingHandlerMapping'
2026-01-11T14:08:33.044+05:30 DEBUG 12396 --- [task-management-system] [restartedMain] o.s.w.s.handler.SimpleUrlHandlerMapping  : Patterns [/webjars/**, /**, /swagger-ui*/*swagger-initializer.js, /swagger-ui*/**] in 'resourceHandlerMapping'
2026-01-11T14:08:33.202+05:30 DEBUG 12396 --- [task-management-system] [restartedMain] s.w.s.m.m.a.RequestMappingHandlerAdapter : ControllerAdvice beans: 0 @ModelAttribute, 0 @InitBinder, 1 RequestBodyAdvice, 1 ResponseBodyAdvice
2026-01-11T14:08:33.248+05:30 DEBUG 12396 --- [task-management-system] [restartedMain] .m.m.a.ExceptionHandlerExceptionResolver : ControllerAdvice beans: 2 @ExceptionHandler, 1 ResponseBodyAdvice
2026-01-11T14:08:33.553+05:30  INFO 12396 --- [task-management-system] [restartedMain] o.s.b.d.a.OptionalLiveReloadServer       : LiveReload server is running on port 35729
2026-01-11T14:08:33.600+05:30  INFO 12396 --- [task-management-system] [restartedMain] o.s.b.w.embedded.tomcat.TomcatWebServer  : Tomcat started on port 8080 (http) with context path '/api'
2026-01-11T14:08:33.611+05:30  INFO 12396 --- [task-management-system] [restartedMain] c.p.task_manager.TaskManagerApplication  : Started TaskManagerApplication in 8.364 seconds (process running for 9.066)
2026-01-11T14:09:10.346+05:30  INFO 12396 --- [task-management-system] [http-nio-8080-exec-1] o.a.c.c.C.[Tomcat].[localhost].[/api]    : Initializing Spring DispatcherServlet 'dispatcherServlet'
2026-01-11T14:09:10.346+05:30  INFO 12396 --- [task-management-system] [http-nio-8080-exec-1] o.s.web.servlet.DispatcherServlet        : Initializing Servlet 'dispatcherServlet'
2026-01-11T14:09:10.347+05:30 DEBUG 12396 --- [task-management-system] [http-nio-8080-exec-1] o.s.web.servlet.DispatcherServlet        : Detected StandardServletMultipartResolver
2026-01-11T14:09:10.347+05:30 DEBUG 12396 --- [task-management-system] [http-nio-8080-exec-1] o.s.web.servlet.DispatcherServlet        : Detected AcceptHeaderLocaleResolver
2026-01-11T14:09:10.347+05:30 DEBUG 12396 --- [task-management-system] [http-nio-8080-exec-1] o.s.web.servlet.DispatcherServlet        : Detected FixedThemeResolver
2026-01-11T14:09:10.348+05:30 DEBUG 12396 --- [task-management-system] [http-nio-8080-exec-1] o.s.web.servlet.DispatcherServlet        : Detected org.springframework.web.servlet.view.DefaultRequestToViewNameTranslator@44d49bd
2026-01-11T14:09:10.349+05:30 DEBUG 12396 --- [task-management-system] [http-nio-8080-exec-1] o.s.web.servlet.DispatcherServlet        : Detected org.springframework.web.servlet.support.SessionFlashMapManager@336fe693
2026-01-11T14:09:10.349+05:30 DEBUG 12396 --- [task-management-system] [http-nio-8080-exec-1] o.s.web.servlet.DispatcherServlet        : enableLoggingRequestDetails='false': request parameters and headers will be masked to prevent unsafe logging of potentially sensitive data
2026-01-11T14:09:10.349+05:30  INFO 12396 --- [task-management-system] [http-nio-8080-exec-1] o.s.web.servlet.DispatcherServlet        : Completed initialization in 2 ms
2026-01-11T14:09:10.649+05:30 DEBUG 12396 --- [task-management-system] [http-nio-8080-exec-7] o.s.web.servlet.DispatcherServlet        : DELETE "/api/users/6", parameters={}
2026-01-11T14:09:10.651+05:30 DEBUG 12396 --- [task-management-system] [http-nio-8080-exec-7] s.w.s.m.m.a.RequestMappingHandlerMapping : Mapped to com.project.task_manager.controller.UserController#deleteUser(Long)
2026-01-11T14:09:10.824+05:30 DEBUG 12396 --- [task-management-system] [http-nio-8080-exec-7] m.m.a.RequestResponseBodyMethodProcessor : Using 'application/json', given [application/json, text/plain, */*] and supported [application/json, application/*+json]
2026-01-11T14:09:10.826+05:30 DEBUG 12396 --- [task-management-system] [http-nio-8080-exec-7] m.m.a.RequestResponseBodyMethodProcessor : Nothing to write: null body
2026-01-11T14:09:10.827+05:30 DEBUG 12396 --- [task-management-system] [http-nio-8080-exec-7] o.s.web.servlet.DispatcherServlet        : Completed 200 OK
2026-01-11T14:09:10.858+05:30 DEBUG 12396 --- [task-management-system] [http-nio-8080-exec-4] o.s.web.servlet.DispatcherServlet        : GET "/api/users", parameters={}
2026-01-11T14:09:10.859+05:30 DEBUG 12396 --- [task-management-system] [http-nio-8080-exec-4] s.w.s.m.m.a.RequestMappingHandlerMapping : Mapped to com.project.task_manager.controller.UserController#getAllUsers()
2026-01-11T14:09:10.906+05:30 DEBUG 12396 --- [task-management-system] [http-nio-8080-exec-4] o.s.w.s.m.m.a.HttpEntityMethodProcessor  : Using 'application/json', given [application/json, text/plain, */*] and supported [application/json, application/*+json]
2026-01-11T14:09:10.906+05:30 DEBUG 12396 --- [task-management-system] [http-nio-8080-exec-4] o.s.w.s.m.m.a.HttpEntityMethodProcessor  : Writing [[com.project.task_manager.dto.response.UserResponse@c85d319, com.project.task_manager.dto.response.U (truncated)...]
2026-01-11T14:09:10.944+05:30 DEBUG 12396 --- [task-management-system] [http-nio-8080-exec-4] o.s.web.servlet.DispatcherServlet        : Completed 200 OK
2026-01-11T14:09:12.607+05:30 DEBUG 12396 --- [task-management-system] [http-nio-8080-exec-10] o.s.web.servlet.DispatcherServlet        : GET "/api/users", parameters={}
2026-01-11T14:09:12.607+05:30 DEBUG 12396 --- [task-management-system] [http-nio-8080-exec-10] s.w.s.m.m.a.RequestMappingHandlerMapping : Mapped to com.project.task_manager.controller.UserController#getAllUsers()
2026-01-11T14:09:12.623+05:30 DEBUG 12396 --- [task-management-system] [http-nio-8080-exec-10] o.s.w.s.m.m.a.HttpEntityMethodProcessor  : Using 'application/json', given [application/json, text/plain, */*] and supported [application/json, application/*+json]
2026-01-11T14:09:12.623+05:30 DEBUG 12396 --- [task-management-system] [http-nio-8080-exec-10] o.s.w.s.m.m.a.HttpEntityMethodProcessor  : Writing [[com.project.task_manager.dto.response.UserResponse@fcbb800, com.project.task_manager.dto.response.U (truncated)...]
2026-01-11T14:09:12.625+05:30 DEBUG 12396 --- [task-management-system] [http-nio-8080-exec-10] o.s.web.servlet.DispatcherServlet        : Completed 200 OK
2026-01-11T14:09:30.562+05:30 DEBUG 12396 --- [task-management-system] [http-nio-8080-exec-3] o.s.web.servlet.DispatcherServlet        : GET "/api/users/roles", parameters={}
2026-01-11T14:09:30.563+05:30 DEBUG 12396 --- [task-management-system] [http-nio-8080-exec-3] s.w.s.m.m.a.RequestMappingHandlerMapping : Mapped to com.project.task_manager.controller.UserController#getAllRoles()
2026-01-11T14:09:30.581+05:30 DEBUG 12396 --- [task-management-system] [http-nio-8080-exec-3] o.s.w.s.m.m.a.HttpEntityMethodProcessor  : Using 'application/json', given [application/json, text/plain, */*] and supported [application/json, application/*+json]
2026-01-11T14:09:30.582+05:30 DEBUG 12396 --- [task-management-system] [http-nio-8080-exec-3] o.s.w.s.m.m.a.HttpEntityMethodProcessor  : Writing [[RoleResponse(id=1, name=ADMIN, description=Administrator with full system access, createdAt=2025-12 (truncated)...]
2026-01-11T14:09:30.583+05:30 DEBUG 12396 --- [task-management-system] [http-nio-8080-exec-3] o.s.web.servlet.DispatcherServlet        : Completed 200 OK
2026-01-11T14:10:25.042+05:30 DEBUG 12396 --- [task-management-system] [http-nio-8080-exec-2] o.s.web.servlet.DispatcherServlet        : GET "/api/users", parameters={}
2026-01-11T14:10:25.042+05:30 DEBUG 12396 --- [task-management-system] [http-nio-8080-exec-2] s.w.s.m.m.a.RequestMappingHandlerMapping : Mapped to com.project.task_manager.controller.UserController#getAllUsers()
2026-01-11T14:10:25.059+05:30 DEBUG 12396 --- [task-management-system] [http-nio-8080-exec-2] o.s.w.s.m.m.a.HttpEntityMethodProcessor  : Using 'application/json', given [application/json, text/plain, */*] and supported [application/json, application/*+json]
2026-01-11T14:10:25.060+05:30 DEBUG 12396 --- [task-management-system] [http-nio-8080-exec-2] o.s.w.s.m.m.a.HttpEntityMethodProcessor  : Writing [[com.project.task_manager.dto.response.UserResponse@7c4af6c1, com.project.task_manager.dto.response. (truncated)...]
2026-01-11T14:10:25.061+05:30 DEBUG 12396 --- [task-management-system] [http-nio-8080-exec-2] o.s.web.servlet.DispatcherServlet        : Completed 200 OK
2026-01-11T14:11:52.308+05:30 DEBUG 12396 --- [task-management-system] [http-nio-8080-exec-5] o.s.web.servlet.DispatcherServlet        : GET "/api/users", parameters={}
2026-01-11T14:11:52.309+05:30 DEBUG 12396 --- [task-management-system] [http-nio-8080-exec-5] s.w.s.m.m.a.RequestMappingHandlerMapping : Mapped to com.project.task_manager.controller.UserController#getAllUsers()
2026-01-11T14:11:52.327+05:30 DEBUG 12396 --- [task-management-system] [http-nio-8080-exec-5] o.s.w.s.m.m.a.HttpEntityMethodProcessor  : Using 'application/json', given [application/json, text/plain, */*] and supported [application/json, application/*+json]
2026-01-11T14:11:52.327+05:30 DEBUG 12396 --- [task-management-system] [http-nio-8080-exec-5] o.s.w.s.m.m.a.HttpEntityMethodProcessor  : Writing [[com.project.task_manager.dto.response.UserResponse@7c4ccb38, com.project.task_manager.dto.response. (truncated)...]
2026-01-11T14:11:52.328+05:30 DEBUG 12396 --- [task-management-system] [http-nio-8080-exec-5] o.s.web.servlet.DispatcherServlet        : Completed 200 OK
2026-01-11T14:11:59.147+05:30 DEBUG 12396 --- [task-management-system] [http-nio-8080-exec-6] o.s.web.servlet.DispatcherServlet        : GET "/api/users", parameters={}
2026-01-11T14:11:59.148+05:30 DEBUG 12396 --- [task-management-system] [http-nio-8080-exec-6] s.w.s.m.m.a.RequestMappingHandlerMapping : Mapped to com.project.task_manager.controller.UserController#getAllUsers()
2026-01-11T14:11:59.164+05:30 DEBUG 12396 --- [task-management-system] [http-nio-8080-exec-6] o.s.w.s.m.m.a.HttpEntityMethodProcessor  : Using 'application/json', given [application/json, text/plain, */*] and supported [application/json, application/*+json]
2026-01-11T14:11:59.164+05:30 DEBUG 12396 --- [task-management-system] [http-nio-8080-exec-6] o.s.w.s.m.m.a.HttpEntityMethodProcessor  : Writing [[com.project.task_manager.dto.response.UserResponse@4efc43d7, com.project.task_manager.dto.response. (truncated)...]
2026-01-11T14:11:59.165+05:30 DEBUG 12396 --- [task-management-system] [http-nio-8080-exec-6] o.s.web.servlet.DispatcherServlet        : Completed 200 OK
2026-01-11T14:12:06.031+05:30 DEBUG 12396 --- [task-management-system] [http-nio-8080-exec-9] o.s.web.servlet.DispatcherServlet        : GET "/api/users/roles", parameters={}
2026-01-11T14:12:06.032+05:30 DEBUG 12396 --- [task-management-system] [http-nio-8080-exec-9] s.w.s.m.m.a.RequestMappingHandlerMapping : Mapped to com.project.task_manager.controller.UserController#getAllRoles()
2026-01-11T14:12:06.040+05:30 DEBUG 12396 --- [task-management-system] [http-nio-8080-exec-9] o.s.w.s.m.m.a.HttpEntityMethodProcessor  : Using 'application/json', given [application/json, text/plain, */*] and supported [application/json, application/*+json]
2026-01-11T14:12:06.040+05:30 DEBUG 12396 --- [task-management-system] [http-nio-8080-exec-9] o.s.w.s.m.m.a.HttpEntityMethodProcessor  : Writing [[RoleResponse(id=1, name=ADMIN, description=Administrator with full system access, createdAt=2025-12 (truncated)...]
2026-01-11T14:12:06.040+05:30 DEBUG 12396 --- [task-management-system] [http-nio-8080-exec-9] o.s.web.servlet.DispatcherServlet        : Completed 200 OK
2026-01-11T14:12:28.578+05:30 DEBUG 12396 --- [task-management-system] [http-nio-8080-exec-7] o.s.web.servlet.DispatcherServlet        : GET "/api/users/roles", parameters={}
2026-01-11T14:12:28.578+05:30 DEBUG 12396 --- [task-management-system] [http-nio-8080-exec-7] s.w.s.m.m.a.RequestMappingHandlerMapping : Mapped to com.project.task_manager.controller.UserController#getAllRoles()
2026-01-11T14:12:28.583+05:30 DEBUG 12396 --- [task-management-system] [http-nio-8080-exec-7] o.s.w.s.m.m.a.HttpEntityMethodProcessor  : Using 'application/json', given [application/json, text/plain, */*] and supported [application/json, application/*+json]
2026-01-11T14:12:28.583+05:30 DEBUG 12396 --- [task-management-system] [http-nio-8080-exec-7] o.s.w.s.m.m.a.HttpEntityMethodProcessor  : Writing [[RoleResponse(id=1, name=ADMIN, description=Administrator with full system access, createdAt=2025-12 (truncated)...]
2026-01-11T14:12:28.584+05:30 DEBUG 12396 --- [task-management-system] [http-nio-8080-exec-7] o.s.web.servlet.DispatcherServlet        : Completed 200 OK
2026-01-11T14:12:36.194+05:30 DEBUG 12396 --- [task-management-system] [http-nio-8080-exec-10] o.s.web.servlet.DispatcherServlet        : GET "/api/users", parameters={}
2026-01-11T14:12:36.194+05:30 DEBUG 12396 --- [task-management-system] [http-nio-8080-exec-10] s.w.s.m.m.a.RequestMappingHandlerMapping : Mapped to com.project.task_manager.controller.UserController#getAllUsers()
2026-01-11T14:12:36.207+05:30 DEBUG 12396 --- [task-management-system] [http-nio-8080-exec-10] o.s.w.s.m.m.a.HttpEntityMethodProcessor  : Using 'application/json', given [application/json, text/plain, */*] and supported [application/json, application/*+json]
2026-01-11T14:12:36.208+05:30 DEBUG 12396 --- [task-management-system] [http-nio-8080-exec-10] o.s.w.s.m.m.a.HttpEntityMethodProcessor  : Writing [[com.project.task_manager.dto.response.UserResponse@148dc1c4, com.project.task_manager.dto.response. (truncated)...]
2026-01-11T14:12:36.208+05:30 DEBUG 12396 --- [task-management-system] [http-nio-8080-exec-10] o.s.web.servlet.DispatcherServlet        : Completed 200 OK
2026-01-11T14:12:38.839+05:30 DEBUG 12396 --- [task-management-system] [http-nio-8080-exec-3] o.s.web.servlet.DispatcherServlet        : GET "/api/users/roles", parameters={}
2026-01-11T14:12:38.839+05:30 DEBUG 12396 --- [task-management-system] [http-nio-8080-exec-3] s.w.s.m.m.a.RequestMappingHandlerMapping : Mapped to com.project.task_manager.controller.UserController#getAllRoles()
2026-01-11T14:12:38.843+05:30 DEBUG 12396 --- [task-management-system] [http-nio-8080-exec-3] o.s.w.s.m.m.a.HttpEntityMethodProcessor  : Using 'application/json', given [application/json, text/plain, */*] and supported [application/json, application/*+json]
2026-01-11T14:12:38.844+05:30 DEBUG 12396 --- [task-management-system] [http-nio-8080-exec-3] o.s.w.s.m.m.a.HttpEntityMethodProcessor  : Writing [[RoleResponse(id=1, name=ADMIN, description=Administrator with full system access, createdAt=2025-12 (truncated)...]
2026-01-11T14:12:38.845+05:30 DEBUG 12396 --- [task-management-system] [http-nio-8080-exec-3] o.s.web.servlet.DispatcherServlet        : Completed 200 OK
2026-01-11T14:12:39.785+05:30 DEBUG 12396 --- [task-management-system] [http-nio-8080-exec-8] o.s.web.servlet.DispatcherServlet        : GET "/api/users", parameters={}
2026-01-11T14:12:39.787+05:30 DEBUG 12396 --- [task-management-system] [http-nio-8080-exec-8] s.w.s.m.m.a.RequestMappingHandlerMapping : Mapped to com.project.task_manager.controller.UserController#getAllUsers()
2026-01-11T14:12:39.799+05:30 DEBUG 12396 --- [task-management-system] [http-nio-8080-exec-8] o.s.w.s.m.m.a.HttpEntityMethodProcessor  : Using 'application/json', given [application/json, text/plain, */*] and supported [application/json, application/*+json]
2026-01-11T14:12:39.800+05:30 DEBUG 12396 --- [task-management-system] [http-nio-8080-exec-8] o.s.w.s.m.m.a.HttpEntityMethodProcessor  : Writing [[com.project.task_manager.dto.response.UserResponse@ca3fb46, com.project.task_manager.dto.response.U (truncated)...]
2026-01-11T14:12:39.801+05:30 DEBUG 12396 --- [task-management-system] [http-nio-8080-exec-8] o.s.web.servlet.DispatcherServlet        : Completed 200 OK
2026-01-11T14:13:31.183+05:30 DEBUG 12396 --- [task-management-system] [http-nio-8080-exec-1] o.s.web.servlet.DispatcherServlet        : GET "/api/users", parameters={}
2026-01-11T14:13:31.184+05:30 DEBUG 12396 --- [task-management-system] [http-nio-8080-exec-1] s.w.s.m.m.a.RequestMappingHandlerMapping : Mapped to com.project.task_manager.controller.UserController#getAllUsers()
2026-01-11T14:13:31.199+05:30 DEBUG 12396 --- [task-management-system] [http-nio-8080-exec-1] o.s.w.s.m.m.a.HttpEntityMethodProcessor  : Using 'application/json', given [application/json, text/plain, */*] and supported [application/json, application/*+json]
2026-01-11T14:13:31.200+05:30 DEBUG 12396 --- [task-management-system] [http-nio-8080-exec-1] o.s.w.s.m.m.a.HttpEntityMethodProcessor  : Writing [[com.project.task_manager.dto.response.UserResponse@7438ae7, com.project.task_manager.dto.response.U (truncated)...]
2026-01-11T14:13:31.201+05:30 DEBUG 12396 --- [task-management-system] [http-nio-8080-exec-1] o.s.web.servlet.DispatcherServlet        : Completed 200 OK
2026-01-11T14:13:46.252+05:30 DEBUG 12396 --- [task-management-system] [http-nio-8080-exec-4] o.s.web.servlet.DispatcherServlet        : GET "/api/users", parameters={}
2026-01-11T14:13:46.252+05:30 DEBUG 12396 --- [task-management-system] [http-nio-8080-exec-4] s.w.s.m.m.a.RequestMappingHandlerMapping : Mapped to com.project.task_manager.controller.UserController#getAllUsers()
2026-01-11T14:13:46.271+05:30 DEBUG 12396 --- [task-management-system] [http-nio-8080-exec-4] o.s.w.s.m.m.a.HttpEntityMethodProcessor  : Using 'application/json', given [application/json, text/plain, */*] and supported [application/json, application/*+json]
2026-01-11T14:13:46.272+05:30 DEBUG 12396 --- [task-management-system] [http-nio-8080-exec-4] o.s.w.s.m.m.a.HttpEntityMethodProcessor  : Writing [[com.project.task_manager.dto.response.UserResponse@45ae7c2a, com.project.task_manager.dto.response. (truncated)...]
2026-01-11T14:13:46.273+05:30 DEBUG 12396 --- [task-management-system] [http-nio-8080-exec-4] o.s.web.servlet.DispatcherServlet        : Completed 200 OK
